waktu,kota,suhu,suhu_terasa,kelembapan,kondisi,deskripsi,kecepatan_angin,curah_hujan,cloudiness
2025-12-01T00:00,Node_Warkop_Kusuma,23.5,27.5,89,Clouds,Mendung,4.3,0.0,100
2025-12-01T01:00,Node_Warkop_Kusuma,23.7,27.7,88,Clouds,Mendung,5.0,0.0,100
2025-12-01T02:00,Node_Warkop_Kusuma,23.8,27.5,87,Clouds,Mendung,6.2,0.0,100
2025-12-01T03:00,Node_Warkop_Kusuma,24.0,27.6,84,Clouds,Mendung,6.5,0.0,100
2025-12-01T04:00,Node_Warkop_Kusuma,23.5,27.2,86,Clouds,Mendung,4.7,0.0,99
2025-12-01T05:00,Node_Warkop_Kusuma,23.3,27.1,88,Clouds,Mendung,4.7,0.0,98
2025-12-01T06:00,Node_Warkop_Kusuma,24.0,27.8,87,Clouds,Mendung,6.9,0.0,100
2025-12-01T07:00,Node_Warkop_Kusuma,26.3,30.3,78,Clouds,Mendung,6.8,0.0,100
2025-12-01T08:00,Node_Warkop_Kusuma,27.5,30.9,72,Clouds,Mendung,9.5,0.0,99
2025-12-01T09:00,Node_Warkop_Kusuma,27.8,31.0,68,Drizzle,Gerimis ringan,9.4,0.1,91
2025-12-01T10:00,Node_Warkop_Kusuma,28.7,31.6,63,Clouds,Mendung,10.1,0.0,99
2025-12-01T11:00,Node_Warkop_Kusuma,29.6,32.0,59,Clouds,Mendung,12.2,0.0,100
2025-12-01T12:00,Node_Warkop_Kusuma,29.0,32.0,63,Clouds,Mendung,11.3,0.0,100
2025-12-01T13:00,Node_Warkop_Kusuma,29.8,32.4,60,Clouds,Berawan sebagian,12.8,0.0,55
2025-12-01T14:00,Node_Warkop_Kusuma,29.6,33.3,61,Clouds,Mendung,10.3,0.0,96
2025-12-01T15:00,Node_Warkop_Kusuma,28.9,31.8,64,Clouds,Berawan sebagian,11.2,0.0,70
2025-12-01T16:00,Node_Warkop_Kusuma,28.1,31.0,67,Clouds,Mendung,11.7,0.0,88
2025-12-01T17:00,Node_Warkop_Kusuma,26.8,30.1,74,Clouds,Mendung,10.4,0.0,81
2025-12-01T18:00,Node_Warkop_Kusuma,25.8,29.1,77,Clouds,Mendung,9.0,0.0,88
2025-12-01T19:00,Node_Warkop_Kusuma,25.9,29.3,77,Clouds,Mendung,8.8,0.0,100
2025-12-01T20:00,Node_Warkop_Kusuma,25.7,28.6,76,Clouds,Mendung,10.9,0.0,100
2025-12-01T21:00,Node_Warkop_Kusuma,25.2,28.0,77,Clouds,Mendung,10.3,0.0,100
2025-12-01T22:00,Node_Warkop_Kusuma,25.0,27.9,78,Clouds,Mendung,9.2,0.0,100
2025-12-01T23:00,Node_Warkop_Kusuma,24.6,27.7,80,Clouds,Mendung,9.4,0.0,100
2025-12-02T00:00,Node_Warkop_Kusuma,24.4,27.6,84,Clouds,Mendung,10.0,0.0,100
2025-12-02T01:00,Node_Warkop_Kusuma,24.4,27.8,88,Clouds,Mendung,10.6,0.0,98
2025-12-02T02:00,Node_Warkop_Kusuma,24.0,27.6,91,Clouds,Mendung,10.0,0.0,98
2025-12-02T03:00,Node_Warkop_Kusuma,23.8,27.4,92,Clouds,Mendung,10.7,0.0,99
2025-12-02T04:00,Node_Warkop_Kusuma,23.5,27.3,93,Clouds,Mendung,9.7,0.0,100
2025-12-02T05:00,Node_Warkop_Kusuma,23.4,27.3,94,Clouds,Mendung,8.3,0.0,100
2025-12-02T06:00,Node_Warkop_Kusuma,24.0,28.2,92,Clouds,Mendung,8.2,0.0,100
2025-12-02T07:00,Node_Warkop_Kusuma,26.4,31.0,85,Clouds,Cerah berawan,8.9,0.0,34
2025-12-02T08:00,Node_Warkop_Kusuma,28.2,32.2,73,Clear,Cerah,10.5,0.0,17
2025-12-02T09:00,Node_Warkop_Kusuma,29.6,34.0,64,Clouds,Cerah berawan,8.7,0.0,41
2025-12-02T10:00,Node_Warkop_Kusuma,30.8,36.5,59,Clouds,Mendung,6.3,0.0,98
2025-12-02T11:00,Node_Warkop_Kusuma,31.8,37.9,55,Clear,Cerah,3.8,0.0,17
2025-12-02T12:00,Node_Warkop_Kusuma,32.0,38.6,54,Clouds,Cerah berawan,2.2,0.0,34
2025-12-02T13:00,Node_Warkop_Kusuma,32.0,37.8,54,Clouds,Berawan sebagian,3.5,0.0,51
2025-12-02T14:00,Node_Warkop_Kusuma,30.5,36.3,62,Drizzle,Gerimis lebat,2.0,1.1,87
2025-12-02T15:00,Node_Warkop_Kusuma,28.6,32.4,71,Drizzle,Gerimis ringan,11.3,0.2,98
2025-12-02T16:00,Node_Warkop_Kusuma,27.0,31.2,80,Drizzle,Gerimis ringan,10.0,0.2,97
2025-12-02T17:00,Node_Warkop_Kusuma,26.5,30.4,81,Clouds,Mendung,10.9,0.0,100
2025-12-02T18:00,Node_Warkop_Kusuma,25.5,29.1,84,Clouds,Mendung,10.6,0.0,100
2025-12-02T19:00,Node_Warkop_Kusuma,24.5,29.4,95,Clouds,Mendung,7.4,0.0,100
2025-12-02T20:00,Node_Warkop_Kusuma,24.6,29.2,96,Drizzle,Gerimis,9.7,0.7,100
2025-12-02T21:00,Node_Warkop_Kusuma,24.5,29.2,95,Drizzle,Gerimis ringan,7.2,0.4,100
2025-12-02T22:00,Node_Warkop_Kusuma,24.1,28.8,96,Drizzle,Gerimis ringan,7.5,0.2,100
2025-12-02T23:00,Node_Warkop_Kusuma,24.0,28.5,96,Drizzle,Gerimis ringan,8.2,0.4,100
2025-12-03T00:00,Node_Warkop_Kusuma,23.9,28.5,96,Drizzle,Gerimis,7.6,0.6,100
2025-12-03T01:00,Node_Warkop_Kusuma,23.9,28.3,96,Drizzle,Gerimis ringan,9.1,0.4,100
2025-12-03T02:00,Node_Warkop_Kusuma,24.0,28.7,97,Drizzle,Gerimis,7.1,0.9,100
2025-12-03T03:00,Node_Warkop_Kusuma,23.9,28.7,98,Drizzle,Gerimis,6.4,0.5,100
2025-12-03T04:00,Node_Warkop_Kusuma,23.8,28.4,97,Rain,Hujan ringan,7.1,1.6,98
2025-12-03T05:00,Node_Warkop_Kusuma,23.8,28.4,96,Drizzle,Gerimis ringan,6.6,0.2,100
2025-12-03T06:00,Node_Warkop_Kusuma,23.5,27.0,96,Drizzle,Gerimis ringan,13.2,0.3,100
2025-12-03T07:00,Node_Warkop_Kusuma,25.5,30.0,91,Drizzle,Gerimis ringan,11.2,0.4,88
2025-12-03T08:00,Node_Warkop_Kusuma,26.4,30.2,84,Clouds,Mendung,12.9,0.0,100
2025-12-03T09:00,Node_Warkop_Kusuma,25.7,30.3,85,Clouds,Berawan sebagian,6.4,0.0,75
2025-12-03T10:00,Node_Warkop_Kusuma,26.6,31.3,82,Drizzle,Gerimis ringan,7.0,0.1,92
2025-12-03T11:00,Node_Warkop_Kusuma,28.4,33.5,74,Clouds,Mendung,4.1,0.0,100
2025-12-03T12:00,Node_Warkop_Kusuma,28.5,33.3,72,Clouds,Mendung,4.1,0.0,100
2025-12-03T13:00,Node_Warkop_Kusuma,29.6,34.7,69,Clouds,Mendung,6.2,0.0,100
2025-12-03T14:00,Node_Warkop_Kusuma,27.4,31.8,78,Drizzle,Gerimis lebat,8.2,1.0,99
2025-12-03T15:00,Node_Warkop_Kusuma,27.3,31.7,79,Clouds,Mendung,8.6,0.0,98
2025-12-03T16:00,Node_Warkop_Kusuma,28.0,32.9,76,Clouds,Mendung,5.6,0.0,98
2025-12-03T17:00,Node_Warkop_Kusuma,27.9,32.8,77,Clouds,Mendung,5.8,0.0,100
2025-12-03T18:00,Node_Warkop_Kusuma,26.6,31.5,82,Clouds,Mendung,5.7,0.0,100
2025-12-03T19:00,Node_Warkop_Kusuma,26.2,30.7,85,Clouds,Mendung,9.1,0.0,100
2025-12-03T20:00,Node_Warkop_Kusuma,25.8,30.4,87,Clouds,Mendung,7.9,0.0,98
2025-12-03T21:00,Node_Warkop_Kusuma,25.5,30.4,88,Clouds,Mendung,5.8,0.0,100
2025-12-03T22:00,Node_Warkop_Kusuma,25.4,30.1,88,Clouds,Mendung,6.4,0.0,100
2025-12-03T23:00,Node_Warkop_Kusuma,25.1,29.9,88,Clouds,Mendung,5.0,0.0,100
2025-12-04T00:00,Node_Warkop_Kusuma,24.6,29.2,90,Clouds,Mendung,5.0,0.0,100
2025-12-04T01:00,Node_Warkop_Kusuma,23.6,29.0,98,Clouds,Mendung,1.6,0.0,100
2025-12-04T02:00,Node_Warkop_Kusuma,24.0,29.0,95,Clouds,Mendung,3.9,0.0,100
2025-12-04T03:00,Node_Warkop_Kusuma,23.4,28.0,99,Drizzle,Gerimis ringan,7.2,0.3,100
2025-12-04T04:00,Node_Warkop_Kusuma,23.4,28.4,99,Drizzle,Gerimis ringan,3.3,0.1,100
2025-12-04T05:00,Node_Warkop_Kusuma,23.2,28.3,98,Clouds,Mendung,1.9,0.0,100
2025-12-04T06:00,Node_Warkop_Kusuma,23.5,28.3,95,Clouds,Mendung,3.8,0.0,98
2025-12-04T07:00,Node_Warkop_Kusuma,25.2,30.3,90,Clouds,Mendung,5.4,0.0,100
2025-12-04T08:00,Node_Warkop_Kusuma,27.1,33.0,82,Clouds,Mendung,1.3,0.0,100
2025-12-04T09:00,Node_Warkop_Kusuma,27.9,33.7,79,Drizzle,Gerimis ringan,1.1,0.1,98
2025-12-04T10:00,Node_Warkop_Kusuma,28.1,33.9,79,Drizzle,Gerimis ringan,1.9,0.1,100
2025-12-04T11:00,Node_Warkop_Kusuma,27.7,32.6,77,Rain,Hujan,6.3,2.7,100
2025-12-04T12:00,Node_Warkop_Kusuma,26.9,31.6,81,Drizzle,Gerimis lebat,6.7,1.2,100
2025-12-04T13:00,Node_Warkop_Kusuma,23.7,28.0,93,Drizzle,Gerimis,6.1,0.7,100
2025-12-04T14:00,Node_Warkop_Kusuma,24.4,28.7,93,Rain,Hujan,8.1,2.7,100
2025-12-04T15:00,Node_Warkop_Kusuma,24.2,29.4,93,Rain,Hujan ringan,2.3,2.3,100
2025-12-04T16:00,Node_Warkop_Kusuma,24.5,29.5,92,Rain,Hujan ringan,3.1,1.4,100
2025-12-04T17:00,Node_Warkop_Kusuma,24.4,29.4,93,Drizzle,Gerimis,3.7,0.9,100
2025-12-04T18:00,Node_Warkop_Kusuma,24.0,29.0,97,Drizzle,Gerimis ringan,4.6,0.4,100
2025-12-04T19:00,Node_Warkop_Kusuma,23.9,28.2,96,Clouds,Mendung,9.0,0.0,100
2025-12-04T20:00,Node_Warkop_Kusuma,23.1,27.1,96,Drizzle,Gerimis ringan,8.7,0.1,100
2025-12-04T21:00,Node_Warkop_Kusuma,22.9,26.4,94,Clouds,Mendung,8.9,0.0,100
2025-12-04T22:00,Node_Warkop_Kusuma,22.8,26.4,94,Clouds,Mendung,7.6,0.0,100
2025-12-04T23:00,Node_Warkop_Kusuma,22.8,26.5,95,Clouds,Mendung,7.7,0.0,100
2025-12-05T00:00,Node_Warkop_Kusuma,22.6,26.6,96,Clouds,Mendung,6.6,0.0,100
2025-12-05T01:00,Node_Warkop_Kusuma,22.8,26.6,96,Clouds,Mendung,8.1,0.0,100
2025-12-05T02:00,Node_Warkop_Kusuma,22.9,26.8,96,Clouds,Mendung,7.7,0.0,100
2025-12-05T03:00,Node_Warkop_Kusuma,23.0,27.1,95,Drizzle,Gerimis ringan,6.7,0.1,100
2025-12-05T04:00,Node_Warkop_Kusuma,23.1,27.4,96,Drizzle,Gerimis ringan,5.5,0.3,100
2025-12-05T05:00,Node_Warkop_Kusuma,23.0,27.3,97,Drizzle,Gerimis ringan,5.7,0.2,99
2025-12-05T06:00,Node_Warkop_Kusuma,23.4,27.7,96,Drizzle,Gerimis lebat,6.9,1.0,75
2025-12-05T07:00,Node_Warkop_Kusuma,25.1,29.7,89,Drizzle,Gerimis,7.8,0.7,87
2025-12-05T08:00,Node_Warkop_Kusuma,26.6,30.7,81,Clouds,Berawan sebagian,9.6,0.0,71
2025-12-05T09:00,Node_Warkop_Kusuma,27.8,32.5,77,Clouds,Cerah berawan,7.2,0.0,29
2025-12-05T10:00,Node_Warkop_Kusuma,29.1,35.4,74,Drizzle,Gerimis ringan,6.3,0.1,24
2025-12-05T11:00,Node_Warkop_Kusuma,30.4,37.5,68,Drizzle,Gerimis ringan,7.4,0.2,48
2025-12-05T12:00,Node_Warkop_Kusuma,30.8,36.7,63,Drizzle,Gerimis ringan,7.6,0.1,70
2025-12-05T13:00,Node_Warkop_Kusuma,26.4,29.4,78,Rain,Hujan ringan,15.9,2.1,100
2025-12-05T14:00,Node_Warkop_Kusuma,27.8,31.6,74,Rain,Hujan ringan,10.9,2.1,82
2025-12-05T15:00,Node_Warkop_Kusuma,27.0,31.8,79,Drizzle,Gerimis lebat,4.8,1.1,99
2025-12-05T16:00,Node_Warkop_Kusuma,25.5,29.3,86,Rain,Hujan,11.5,7.4,94
2025-12-05T17:00,Node_Warkop_Kusuma,23.9,28.3,95,Rain,Hujan ringan,7.4,1.3,100
2025-12-05T18:00,Node_Warkop_Kusuma,24.0,28.7,97,Rain,Hujan ringan,7.3,2.1,100
2025-12-05T19:00,Node_Warkop_Kusuma,24.0,28.0,93,Drizzle,Gerimis lebat,9.6,1.0,100
2025-12-05T20:00,Node_Warkop_Kusuma,23.9,27.8,94,Drizzle,Gerimis ringan,9.7,0.1,100
2025-12-05T21:00,Node_Warkop_Kusuma,23.5,27.6,96,Clouds,Mendung,9.0,0.0,100
2025-12-05T22:00,Node_Warkop_Kusuma,23.4,27.2,97,Drizzle,Gerimis,10.5,0.8,100
2025-12-05T23:00,Node_Warkop_Kusuma,23.0,27.0,98,Drizzle,Gerimis,9.1,0.8,100
2025-12-06T00:00,Node_Warkop_Kusuma,23.0,27.1,97,Drizzle,Gerimis,8.5,0.5,100
2025-12-06T01:00,Node_Warkop_Kusuma,23.1,26.9,96,Drizzle,Gerimis ringan,9.4,0.3,100
2025-12-06T02:00,Node_Warkop_Kusuma,23.0,26.6,96,Drizzle,Gerimis ringan,10.7,0.3,95
2025-12-06T03:00,Node_Warkop_Kusuma,23.0,26.5,96,Clouds,Mendung,10.3,0.0,86
2025-12-06T04:00,Node_Warkop_Kusuma,22.8,26.5,97,Clouds,Mendung,9.7,0.0,91
2025-12-06T05:00,Node_Warkop_Kusuma,22.6,26.4,97,Clouds,Berawan sebagian,8.2,0.0,67
2025-12-06T06:00,Node_Warkop_Kusuma,23.1,26.8,95,Clouds,Mendung,9.4,0.0,99
2025-12-06T07:00,Node_Warkop_Kusuma,24.4,28.0,91,Clouds,Mendung,11.9,0.0,100
2025-12-06T08:00,Node_Warkop_Kusuma,26.0,29.8,83,Drizzle,Gerimis ringan,10.5,0.1,100
2025-12-06T09:00,Node_Warkop_Kusuma,27.2,31.7,81,Drizzle,Gerimis ringan,10.2,0.1,90
2025-12-06T10:00,Node_Warkop_Kusuma,28.2,33.1,75,Drizzle,Gerimis ringan,7.4,0.2,87
2025-12-06T11:00,Node_Warkop_Kusuma,29.2,34.6,70,Drizzle,Gerimis ringan,6.6,0.1,95
2025-12-06T12:00,Node_Warkop_Kusuma,29.1,34.1,69,Clouds,Mendung,5.9,0.0,100
2025-12-06T13:00,Node_Warkop_Kusuma,25.3,29.0,84,Rain,Hujan lebat,9.7,9.3,100
2025-12-06T14:00,Node_Warkop_Kusuma,25.2,29.4,87,Drizzle,Gerimis,7.8,0.7,100
2025-12-06T15:00,Node_Warkop_Kusuma,25.5,29.9,85,Drizzle,Gerimis lebat,7.2,1.1,100
2025-12-06T16:00,Node_Warkop_Kusuma,25.5,29.8,85,Drizzle,Gerimis,7.6,0.5,100
2025-12-06T17:00,Node_Warkop_Kusuma,25.1,30.0,89,Drizzle,Gerimis ringan,4.6,0.2,100
2025-12-06T18:00,Node_Warkop_Kusuma,24.2,29.6,95,Drizzle,Gerimis ringan,2.7,0.1,100
2025-12-06T19:00,Node_Warkop_Kusuma,24.4,29.4,95,Drizzle,Gerimis ringan,5.5,0.1,100
2025-12-06T20:00,Node_Warkop_Kusuma,24.4,29.4,95,Clouds,Mendung,5.1,0.0,100
2025-12-06T21:00,Node_Warkop_Kusuma,24.2,29.1,95,Clouds,Mendung,5.8,0.0,100
2025-12-06T22:00,Node_Warkop_Kusuma,23.9,28.6,96,Clouds,Mendung,6.6,0.0,100
2025-12-06T23:00,Node_Warkop_Kusuma,23.9,28.5,96,Clouds,Mendung,6.4,0.0,100
2025-12-07T00:00,Node_Warkop_Kusuma,23.6,28.3,96,Clouds,Mendung,6.2,0.0,100
2025-12-07T01:00,Node_Warkop_Kusuma,23.8,28.3,96,Clouds,Mendung,6.8,0.0,100
2025-12-07T02:00,Node_Warkop_Kusuma,23.6,28.0,94,Drizzle,Gerimis ringan,5.7,0.2,100
2025-12-07T03:00,Node_Warkop_Kusuma,23.5,28.1,95,Clouds,Mendung,5.4,0.0,99
2025-12-07T04:00,Node_Warkop_Kusuma,23.1,27.6,96,Clouds,Mendung,4.9,0.0,99
2025-12-07T05:00,Node_Warkop_Kusuma,22.8,27.2,97,Clouds,Mendung,4.7,0.0,100
2025-12-07T06:00,Node_Warkop_Kusuma,23.3,27.5,96,Clouds,Mendung,6.8,0.0,100
2025-12-07T07:00,Node_Warkop_Kusuma,25.2,29.6,88,Clouds,Mendung,8.0,0.0,100
2025-12-07T08:00,Node_Warkop_Kusuma,26.8,31.0,80,Clouds,Mendung,9.1,0.0,100
2025-12-07T09:00,Node_Warkop_Kusuma,28.2,33.2,77,Drizzle,Gerimis ringan,9.6,0.1,100
2025-12-07T10:00,Node_Warkop_Kusuma,29.8,36.0,70,Drizzle,Gerimis ringan,9.3,0.1,100
2025-12-07T11:00,Node_Warkop_Kusuma,30.4,35.9,66,Drizzle,Gerimis ringan,10.0,0.1,100
2025-12-07T12:00,Node_Warkop_Kusuma,29.6,33.8,66,Clouds,Mendung,11.6,0.0,99
2025-12-07T13:00,Node_Warkop_Kusuma,27.9,32.2,72,Rain,Hujan ringan,14.1,2.3,97
2025-12-07T14:00,Node_Warkop_Kusuma,27.2,30.7,76,Rain,Hujan ringan,12.9,1.8,98
2025-12-07T15:00,Node_Warkop_Kusuma,27.9,32.0,77,Drizzle,Gerimis ringan,11.6,0.3,95
2025-12-07T16:00,Node_Warkop_Kusuma,25.6,30.0,87,Rain,Hujan,8.3,5.5,100
2025-12-07T17:00,Node_Warkop_Kusuma,25.6,30.6,88,Drizzle,Gerimis ringan,5.8,0.1,100
2025-12-07T18:00,Node_Warkop_Kusuma,24.9,29.9,92,Drizzle,Gerimis ringan,5.3,0.1,100
2025-12-07T19:00,Node_Warkop_Kusuma,25.1,29.7,89,Clouds,Mendung,7.4,0.0,100
2025-12-07T20:00,Node_Warkop_Kusuma,25.4,30.3,89,Clouds,Mendung,5.7,0.0,100
2025-12-07T21:00,Node_Warkop_Kusuma,25.0,29.9,91,Clouds,Mendung,5.5,0.0,100
2025-12-07T22:00,Node_Warkop_Kusuma,24.6,29.3,93,Clouds,Mendung,6.9,0.0,98
2025-12-07T23:00,Node_Warkop_Kusuma,24.1,28.9,94,Clouds,Mendung,5.9,0.0,98
2025-12-08T00:00,Node_Warkop_Kusuma,24.0,28.8,95,Clouds,Mendung,5.0,0.0,99
2025-12-08T01:00,Node_Warkop_Kusuma,24.2,28.9,95,Clouds,Mendung,6.9,0.0,100
2025-12-08T02:00,Node_Warkop_Kusuma,24.1,29.2,95,Clouds,Mendung,4.7,0.0,100
2025-12-08T03:00,Node_Warkop_Kusuma,24.0,29.0,97,Clouds,Mendung,5.6,0.0,100
2025-12-08T04:00,Node_Warkop_Kusuma,23.9,28.8,97,Clouds,Mendung,5.8,0.0,100
2025-12-08T05:00,Node_Warkop_Kusuma,23.8,28.8,98,Clouds,Mendung,4.6,0.0,100
2025-12-08T06:00,Node_Warkop_Kusuma,24.0,28.6,95,Clouds,Mendung,7.3,0.0,100
2025-12-08T07:00,Node_Warkop_Kusuma,25.0,28.7,87,Clouds,Mendung,10.1,0.0,100
2025-12-08T08:00,Node_Warkop_Kusuma,25.9,29.4,81,Clouds,Mendung,11.3,0.0,100
2025-12-08T09:00,Node_Warkop_Kusuma,25.9,29.6,82,Clouds,Mendung,10.9,0.0,100
2025-12-08T10:00,Node_Warkop_Kusuma,26.5,30.4,80,Clouds,Mendung,9.7,0.0,100
2025-12-08T11:00,Node_Warkop_Kusuma,27.9,31.9,76,Clouds,Mendung,10.9,0.0,100
2025-12-08T12:00,Node_Warkop_Kusuma,28.6,33.2,73,Clouds,Mendung,12.8,0.0,100
2025-12-08T13:00,Node_Warkop_Kusuma,29.0,33.3,70,Clouds,Mendung,15.7,0.0,100
2025-12-08T14:00,Node_Warkop_Kusuma,28.6,31.7,70,Drizzle,Gerimis,15.2,0.8,100
2025-12-08T15:00,Node_Warkop_Kusuma,28.0,31.2,73,Clouds,Mendung,14.1,0.0,100
2025-12-08T16:00,Node_Warkop_Kusuma,26.1,29.6,80,Rain,Hujan ringan,11.8,1.8,100
2025-12-08T17:00,Node_Warkop_Kusuma,24.9,28.6,87,Drizzle,Gerimis ringan,10.9,0.2,100
2025-12-08T18:00,Node_Warkop_Kusuma,24.2,27.8,91,Drizzle,Gerimis ringan,11.6,0.3,100
2025-12-08T19:00,Node_Warkop_Kusuma,24.0,28.0,95,Drizzle,Gerimis ringan,10.7,0.2,100
2025-12-08T20:00,Node_Warkop_Kusuma,23.9,28.4,96,Drizzle,Gerimis lebat,8.4,1.0,100
2025-12-08T21:00,Node_Warkop_Kusuma,23.6,27.9,97,Rain,Hujan ringan,9.1,1.8,100
2025-12-08T22:00,Node_Warkop_Kusuma,23.5,27.7,97,Rain,Hujan ringan,9.5,1.9,100
2025-12-08T23:00,Node_Warkop_Kusuma,23.5,27.6,97,Drizzle,Gerimis,9.5,0.9,100
2025-12-09T00:00,Node_Warkop_Kusuma,23.3,27.4,97,Drizzle,Gerimis ringan,8.8,0.2,100
2025-12-09T01:00,Node_Warkop_Kusuma,23.5,27.3,95,Clouds,Mendung,9.8,0.0,100
2025-12-09T02:00,Node_Warkop_Kusuma,23.4,27.5,96,Drizzle,Gerimis ringan,9.1,0.3,100
2025-12-09T03:00,Node_Warkop_Kusuma,23.1,27.4,98,Drizzle,Gerimis ringan,6.8,0.2,100
2025-12-09T04:00,Node_Warkop_Kusuma,23.0,27.1,96,Drizzle,Gerimis ringan,7.6,0.2,100
2025-12-09T05:00,Node_Warkop_Kusuma,23.0,27.2,96,Clouds,Mendung,7.1,0.0,99
2025-12-09T06:00,Node_Warkop_Kusuma,23.3,27.2,96,Drizzle,Gerimis ringan,9.4,0.1,95
2025-12-09T07:00,Node_Warkop_Kusuma,23.8,27.1,96,Drizzle,Gerimis ringan,14.7,0.1,100
2025-12-09T08:00,Node_Warkop_Kusuma,24.2,27.9,92,Drizzle,Gerimis ringan,12.5,0.3,100
2025-12-09T09:00,Node_Warkop_Kusuma,26.0,30.5,87,Drizzle,Gerimis ringan,9.7,0.4,100
2025-12-09T10:00,Node_Warkop_Kusuma,28.1,32.7,75,Drizzle,Gerimis ringan,13.8,0.2,100
2025-12-09T11:00,Node_Warkop_Kusuma,27.5,31.0,75,Drizzle,Gerimis ringan,12.6,0.1,100
2025-12-09T12:00,Node_Warkop_Kusuma,28.7,32.9,72,Clouds,Mendung,11.9,0.0,100
2025-12-09T13:00,Node_Warkop_Kusuma,28.6,32.1,72,Drizzle,Gerimis ringan,14.0,0.2,100
2025-12-09T14:00,Node_Warkop_Kusuma,28.2,32.2,73,Drizzle,Gerimis ringan,10.0,0.1,100
2025-12-09T15:00,Node_Warkop_Kusuma,27.2,31.2,76,Drizzle,Gerimis ringan,8.9,0.3,100
2025-12-09T16:00,Node_Warkop_Kusuma,26.8,30.8,78,Clouds,Mendung,8.3,0.0,100
2025-12-09T17:00,Node_Warkop_Kusuma,25.7,30.1,85,Drizzle,Gerimis ringan,7.3,0.1,100
2025-12-09T18:00,Node_Warkop_Kusuma,25.0,29.7,89,Clouds,Mendung,6.0,0.0,100
2025-12-09T19:00,Node_Warkop_Kusuma,25.0,29.9,90,Clouds,Mendung,4.3,0.0,100
2025-12-09T20:00,Node_Warkop_Kusuma,24.5,30.0,94,Clouds,Mendung,2.7,0.0,100
2025-12-09T21:00,Node_Warkop_Kusuma,24.3,30.1,96,Clouds,Mendung,0.4,0.0,100
2025-12-09T22:00,Node_Warkop_Kusuma,24.0,29.4,98,Clouds,Mendung,3.3,0.0,98
2025-12-09T23:00,Node_Warkop_Kusuma,23.5,28.8,99,Clouds,Mendung,2.3,0.0,91
2025-12-10T00:00,Node_Warkop_Kusuma,23.1,28.6,99,Drizzle,Gerimis ringan,0.3,0.2,100
2025-12-10T01:00,Node_Warkop_Kusuma,23.8,29.2,99,Drizzle,Gerimis ringan,3.3,0.1,100
2025-12-10T02:00,Node_Warkop_Kusuma,23.8,29.0,99,Clouds,Mendung,4.6,0.0,100
2025-12-10T03:00,Node_Warkop_Kusuma,23.5,28.4,99,Clouds,Mendung,5.4,0.0,100
2025-12-10T04:00,Node_Warkop_Kusuma,23.3,28.3,99,Clouds,Mendung,3.4,0.0,100
2025-12-10T05:00,Node_Warkop_Kusuma,23.1,28.0,99,Clouds,Mendung,3.8,0.0,100
2025-12-10T06:00,Node_Warkop_Kusuma,23.8,28.3,97,Clouds,Mendung,8.0,0.0,100
2025-12-10T07:00,Node_Warkop_Kusuma,25.8,30.6,89,Clouds,Mendung,8.4,0.0,80
2025-12-10T08:00,Node_Warkop_Kusuma,27.4,31.1,76,Clouds,Mendung,12.1,0.0,84
2025-12-10T09:00,Node_Warkop_Kusuma,28.8,32.7,69,Clouds,Mendung,11.8,0.0,88
2025-12-10T10:00,Node_Warkop_Kusuma,29.7,34.2,64,Clouds,Berawan sebagian,10.3,0.0,68
2025-12-10T11:00,Node_Warkop_Kusuma,30.1,35.2,65,Clouds,Cerah berawan,10.0,0.0,43
2025-12-10T12:00,Node_Warkop_Kusuma,31.0,37.0,64,Clouds,Mendung,9.8,0.0,100
2025-12-10T13:00,Node_Warkop_Kusuma,31.2,35.9,60,Drizzle,Gerimis ringan,12.4,0.4,59
2025-12-10T14:00,Node_Warkop_Kusuma,30.2,33.9,60,Clouds,Mendung,13.8,0.0,91
2025-12-10T15:00,Node_Warkop_Kusuma,28.4,32.1,69,Drizzle,Gerimis ringan,8.5,0.1,98
2025-12-10T16:00,Node_Warkop_Kusuma,28.6,32.8,70,Drizzle,Gerimis ringan,7.2,0.1,95
2025-12-10T17:00,Node_Warkop_Kusuma,27.9,32.2,75,Clouds,Mendung,7.4,0.0,80
2025-12-10T18:00,Node_Warkop_Kusuma,27.2,31.0,75,Clouds,Mendung,8.6,0.0,92
2025-12-10T19:00,Node_Warkop_Kusuma,26.5,31.9,82,Clouds,Mendung,0.8,0.0,100
2025-12-10T20:00,Node_Warkop_Kusuma,26.1,31.0,82,Clouds,Mendung,2.9,0.0,100
2025-12-10T21:00,Node_Warkop_Kusuma,25.6,30.4,83,Clouds,Mendung,3.1,0.0,100
2025-12-10T22:00,Node_Warkop_Kusuma,25.2,30.1,86,Clouds,Mendung,2.8,0.0,100
2025-12-10T23:00,Node_Warkop_Kusuma,24.6,29.6,90,Clouds,Mendung,2.4,0.0,100
2025-12-11T00:00,Node_Warkop_Kusuma,24.2,29.4,92,Clouds,Mendung,2.2,0.0,100
2025-12-11T01:00,Node_Warkop_Kusuma,24.4,28.7,90,Drizzle,Gerimis ringan,6.9,0.1,100
2025-12-11T02:00,Node_Warkop_Kusuma,24.0,28.1,92,Drizzle,Gerimis ringan,8.4,0.1,100
2025-12-11T03:00,Node_Warkop_Kusuma,23.6,27.8,93,Clouds,Mendung,6.9,0.0,100
2025-12-11T04:00,Node_Warkop_Kusuma,23.5,27.8,94,Clouds,Mendung,5.6,0.0,100
2025-12-11T05:00,Node_Warkop_Kusuma,23.5,27.8,95,Drizzle,Gerimis ringan,7.5,0.1,100
2025-12-11T06:00,Node_Warkop_Kusuma,23.9,28.0,94,Clouds,Mendung,8.9,0.0,86
2025-12-11T07:00,Node_Warkop_Kusuma,25.1,30.5,95,Clouds,Cerah berawan,6.5,0.0,38
2025-12-11T08:00,Node_Warkop_Kusuma,27.2,31.5,79,Drizzle,Gerimis ringan,10.0,0.1,100
2025-12-11T09:00,Node_Warkop_Kusuma,27.8,31.6,73,Drizzle,Gerimis ringan,9.6,0.1,100
2025-12-11T10:00,Node_Warkop_Kusuma,28.2,32.0,70,Clouds,Mendung,8.6,0.0,100
2025-12-11T11:00,Node_Warkop_Kusuma,28.4,32.3,69,Clouds,Mendung,8.1,0.0,100
2025-12-11T12:00,Node_Warkop_Kusuma,28.5,32.4,69,Clouds,Mendung,8.1,0.0,91
2025-12-11T13:00,Node_Warkop_Kusuma,29.6,32.5,64,Clouds,Mendung,13.9,0.0,100
2025-12-11T14:00,Node_Warkop_Kusuma,29.5,32.5,64,Clouds,Mendung,13.2,0.0,95
2025-12-11T15:00,Node_Warkop_Kusuma,29.6,32.4,62,Clouds,Mendung,13.7,0.0,100
2025-12-11T16:00,Node_Warkop_Kusuma,28.5,31.4,68,Clouds,Mendung,13.7,0.0,100
2025-12-11T17:00,Node_Warkop_Kusuma,27.6,31.2,73,Clouds,Mendung,11.0,0.0,100
2025-12-11T18:00,Node_Warkop_Kusuma,26.8,30.5,76,Clouds,Mendung,8.7,0.0,100
2025-12-11T19:00,Node_Warkop_Kusuma,26.2,30.1,78,Clouds,Mendung,7.8,0.0,100
2025-12-11T20:00,Node_Warkop_Kusuma,25.5,29.9,83,Clouds,Mendung,5.2,0.0,100
2025-12-11T21:00,Node_Warkop_Kusuma,25.1,29.7,86,Clouds,Mendung,4.7,0.0,100
2025-12-11T22:00,Node_Warkop_Kusuma,24.7,29.5,89,Clouds,Mendung,3.5,0.0,100
2025-12-11T23:00,Node_Warkop_Kusuma,24.4,29.2,91,Clouds,Mendung,3.2,0.0,100
2025-12-12T00:00,Node_Warkop_Kusuma,24.1,28.4,91,Clouds,Mendung,6.5,0.0,100
2025-12-12T01:00,Node_Warkop_Kusuma,24.2,28.6,93,Clouds,Mendung,7.8,0.0,100
2025-12-12T02:00,Node_Warkop_Kusuma,24.3,28.6,92,Clouds,Mendung,8.3,0.0,100
2025-12-12T03:00,Node_Warkop_Kusuma,24.0,28.2,93,Clouds,Mendung,8.6,0.0,100
2025-12-12T04:00,Node_Warkop_Kusuma,23.5,27.6,96,Clouds,Mendung,7.8,0.0,100
2025-12-12T05:00,Node_Warkop_Kusuma,23.6,27.8,95,Clouds,Mendung,8.1,0.0,100
2025-12-12T06:00,Node_Warkop_Kusuma,23.9,28.0,94,Clouds,Berawan sebagian,9.4,0.0,59
2025-12-12T07:00,Node_Warkop_Kusuma,25.9,30.7,88,Clouds,Mendung,7.3,0.0,91
2025-12-12T08:00,Node_Warkop_Kusuma,27.1,31.1,77,Drizzle,Gerimis ringan,10.2,0.2,100
2025-12-12T09:00,Node_Warkop_Kusuma,28.0,31.4,72,Drizzle,Gerimis ringan,12.9,0.1,73
2025-12-12T10:00,Node_Warkop_Kusuma,29.4,33.4,65,Clouds,Berawan sebagian,13.5,0.0,79
2025-12-12T11:00,Node_Warkop_Kusuma,30.1,34.4,62,Clear,Cerah,14.4,0.0,16
2025-12-12T12:00,Node_Warkop_Kusuma,30.5,34.9,59,Clouds,Cerah berawan,15.2,0.0,43
2025-12-12T13:00,Node_Warkop_Kusuma,30.6,34.0,56,Clouds,Cerah berawan,15.9,0.0,26
2025-12-12T14:00,Node_Warkop_Kusuma,30.2,33.0,57,Drizzle,Gerimis ringan,16.1,0.1,28
2025-12-12T15:00,Node_Warkop_Kusuma,29.4,31.5,60,Drizzle,Gerimis ringan,14.7,0.2,54
2025-12-12T16:00,Node_Warkop_Kusuma,29.0,31.1,60,Clouds,Cerah berawan,14.4,0.0,48
2025-12-12T17:00,Node_Warkop_Kusuma,28.0,30.8,66,Clouds,Cerah berawan,10.8,0.0,48
2025-12-12T18:00,Node_Warkop_Kusuma,26.6,29.5,71,Clouds,Berawan sebagian,10.0,0.0,69
2025-12-12T19:00,Node_Warkop_Kusuma,26.0,28.8,73,Clouds,Mendung,10.3,0.0,90
2025-12-12T20:00,Node_Warkop_Kusuma,25.8,28.4,73,Clouds,Mendung,10.7,0.0,97
2025-12-12T21:00,Node_Warkop_Kusuma,25.3,28.2,75,Clouds,Mendung,8.8,0.0,84
2025-12-12T22:00,Node_Warkop_Kusuma,24.6,27.6,79,Clouds,Mendung,9.0,0.0,96
2025-12-12T23:00,Node_Warkop_Kusuma,24.0,26.8,82,Clouds,Mendung,9.4,0.0,95
2025-12-13T00:00,Node_Warkop_Kusuma,23.5,26.6,84,Clear,Cerah,8.4,0.0,7
2025-12-13T01:00,Node_Warkop_Kusuma,24.1,27.1,83,Clouds,Berawan sebagian,8.9,0.0,71
2025-12-13T02:00,Node_Warkop_Kusuma,24.1,27.4,83,Clouds,Berawan sebagian,7.8,0.0,51
2025-12-13T03:00,Node_Warkop_Kusuma,23.2,27.3,89,Clouds,Berawan sebagian,2.5,0.0,79
2025-12-13T04:00,Node_Warkop_Kusuma,22.6,26.5,92,Clouds,Mendung,3.9,0.0,100
2025-12-13T05:00,Node_Warkop_Kusuma,22.6,27.2,95,Clouds,Mendung,1.6,0.0,100
2025-12-13T06:00,Node_Warkop_Kusuma,23.2,28.0,94,Clouds,Mendung,2.0,0.0,100
2025-12-13T07:00,Node_Warkop_Kusuma,25.0,29.5,86,Clouds,Mendung,4.4,0.0,100
2025-12-13T08:00,Node_Warkop_Kusuma,26.3,31.3,82,Clouds,Mendung,3.1,0.0,100
2025-12-13T09:00,Node_Warkop_Kusuma,27.6,32.1,74,Clouds,Mendung,5.3,0.0,100
2025-12-13T10:00,Node_Warkop_Kusuma,29.0,33.2,67,Clouds,Mendung,7.8,0.0,100
2025-12-13T11:00,Node_Warkop_Kusuma,30.0,34.8,62,Drizzle,Gerimis ringan,7.5,0.2,100
2025-12-13T12:00,Node_Warkop_Kusuma,31.0,36.5,58,Drizzle,Gerimis ringan,8.7,0.3,100
2025-12-13T13:00,Node_Warkop_Kusuma,30.5,35.5,58,Drizzle,Gerimis,10.7,0.6,38
2025-12-13T14:00,Node_Warkop_Kusuma,30.4,34.4,58,Drizzle,Gerimis ringan,9.1,0.4,53
2025-12-13T15:00,Node_Warkop_Kusuma,29.7,32.9,63,Drizzle,Gerimis,12.4,0.6,36
2025-12-13T16:00,Node_Warkop_Kusuma,29.0,31.5,65,Drizzle,Gerimis ringan,15.3,0.1,98
2025-12-13T17:00,Node_Warkop_Kusuma,27.9,30.8,70,Clouds,Mendung,12.4,0.0,82
2025-12-13T18:00,Node_Warkop_Kusuma,26.8,30.2,72,Clouds,Mendung,7.3,0.0,100
2025-12-13T19:00,Node_Warkop_Kusuma,26.2,31.4,83,Clouds,Mendung,3.2,0.0,100
2025-12-13T20:00,Node_Warkop_Kusuma,26.0,30.8,87,Clouds,Mendung,6.6,0.0,100
2025-12-13T21:00,Node_Warkop_Kusuma,25.4,30.3,89,Clouds,Mendung,6.2,0.0,100
2025-12-13T22:00,Node_Warkop_Kusuma,25.0,29.6,88,Clouds,Mendung,6.2,0.0,100
2025-12-13T23:00,Node_Warkop_Kusuma,24.6,29.1,88,Clouds,Mendung,5.4,0.0,100
2025-12-14T00:00,Node_Warkop_Kusuma,23.8,28.3,93,Clouds,Mendung,5.2,0.0,100
2025-12-14T01:00,Node_Warkop_Kusuma,24.1,29.2,96,Clouds,Mendung,5.1,0.0,95
2025-12-14T02:00,Node_Warkop_Kusuma,24.2,28.8,92,Clouds,Mendung,5.6,0.0,100
2025-12-14T03:00,Node_Warkop_Kusuma,24.1,27.4,89,Clouds,Mendung,11.6,0.0,99
2025-12-14T04:00,Node_Warkop_Kusuma,24.1,27.1,84,Clouds,Mendung,10.8,0.0,100
2025-12-14T05:00,Node_Warkop_Kusuma,23.9,26.9,85,Clouds,Mendung,9.6,0.0,100
2025-12-14T06:00,Node_Warkop_Kusuma,24.6,28.0,84,Clouds,Mendung,9.4,0.0,100
2025-12-14T07:00,Node_Warkop_Kusuma,26.1,29.6,80,Clouds,Mendung,11.7,0.0,100
2025-12-14T08:00,Node_Warkop_Kusuma,27.7,30.2,71,Clouds,Mendung,16.7,0.0,98
2025-12-14T09:00,Node_Warkop_Kusuma,29.0,30.9,65,Clouds,Mendung,20.1,0.0,96
2025-12-14T10:00,Node_Warkop_Kusuma,29.0,32.2,67,Drizzle,Gerimis,20.4,0.9,100
2025-12-14T11:00,Node_Warkop_Kusuma,29.9,34.8,68,Rain,Hujan,16.5,2.6,99
2025-12-14T12:00,Node_Warkop_Kusuma,28.0,31.7,73,Drizzle,Gerimis lebat,16.7,1.0,100
2025-12-14T13:00,Node_Warkop_Kusuma,28.9,31.5,65,Drizzle,Gerimis,19.6,0.5,100
2025-12-14T14:00,Node_Warkop_Kusuma,30.1,32.1,59,Clouds,Mendung,23.4,0.0,100
2025-12-14T15:00,Node_Warkop_Kusuma,29.1,30.1,63,Drizzle,Gerimis ringan,24.1,0.1,100
2025-12-14T16:00,Node_Warkop_Kusuma,28.6,30.0,64,Clouds,Mendung,21.1,0.0,100
2025-12-14T17:00,Node_Warkop_Kusuma,27.8,30.1,68,Clouds,Mendung,15.2,0.0,100
2025-12-14T18:00,Node_Warkop_Kusuma,27.2,29.8,69,Clouds,Mendung,12.2,0.0,100
2025-12-14T19:00,Node_Warkop_Kusuma,24.0,29.5,97,Clouds,Mendung,2.2,0.0,100
2025-12-14T20:00,Node_Warkop_Kusuma,24.4,29.8,97,Drizzle,Gerimis ringan,4.8,0.1,100
2025-12-14T21:00,Node_Warkop_Kusuma,24.2,29.1,97,Clouds,Mendung,7.6,0.0,100
2025-12-14T22:00,Node_Warkop_Kusuma,24.4,27.8,91,Clouds,Mendung,12.9,0.0,100
2025-12-14T23:00,Node_Warkop_Kusuma,24.2,27.3,89,Clouds,Mendung,13.7,0.0,100
2025-12-15T00:00,Node_Warkop_Kusuma,24.2,27.2,87,Clouds,Mendung,13.6,0.0,88
2025-12-15T01:00,Node_Warkop_Kusuma,24.0,27.4,86,Clouds,Mendung,9.3,0.0,100
2025-12-15T02:00,Node_Warkop_Kusuma,24.1,27.1,86,Clouds,Mendung,12.1,0.0,100
2025-12-15T03:00,Node_Warkop_Kusuma,23.9,26.6,86,Clouds,Mendung,13.6,0.0,100
2025-12-15T04:00,Node_Warkop_Kusuma,23.8,26.2,87,Clouds,Mendung,14.7,0.0,100
2025-12-15T05:00,Node_Warkop_Kusuma,23.8,26.1,86,Clouds,Mendung,15.3,0.0,100
2025-12-15T06:00,Node_Warkop_Kusuma,24.1,26.4,84,Clouds,Mendung,15.4,0.0,100
2025-12-15T07:00,Node_Warkop_Kusuma,26.5,29.4,78,Clouds,Mendung,15.0,0.0,99
2025-12-15T08:00,Node_Warkop_Kusuma,27.3,29.7,74,Clouds,Mendung,18.4,0.0,100
2025-12-15T09:00,Node_Warkop_Kusuma,28.3,30.6,70,Clouds,Mendung,21.0,0.0,100
2025-12-15T10:00,Node_Warkop_Kusuma,28.7,30.7,67,Drizzle,Gerimis ringan,22.0,0.4,100
2025-12-15T11:00,Node_Warkop_Kusuma,29.5,32.7,65,Drizzle,Gerimis ringan,20.9,0.3,100
2025-12-15T12:00,Node_Warkop_Kusuma,29.8,32.9,64,Clouds,Mendung,23.4,0.0,96
2025-12-15T13:00,Node_Warkop_Kusuma,29.8,31.9,61,Clouds,Mendung,26.6,0.0,97
2025-12-15T14:00,Node_Warkop_Kusuma,30.0,32.1,60,Clouds,Mendung,25.4,0.0,98
2025-12-15T15:00,Node_Warkop_Kusuma,29.5,30.8,61,Clouds,Mendung,24.8,0.0,100
2025-12-15T16:00,Node_Warkop_Kusuma,28.3,29.0,63,Clouds,Mendung,24.0,0.0,100
2025-12-15T17:00,Node_Warkop_Kusuma,27.3,29.2,69,Clouds,Mendung,17.5,0.0,100
2025-12-15T18:00,Node_Warkop_Kusuma,26.3,28.6,72,Clouds,Mendung,14.0,0.0,100
2025-12-15T19:00,Node_Warkop_Kusuma,25.9,28.2,72,Clouds,Mendung,12.7,0.0,100
2025-12-15T20:00,Node_Warkop_Kusuma,25.6,27.8,73,Clouds,Mendung,12.6,0.0,100
2025-12-15T21:00,Node_Warkop_Kusuma,25.0,27.7,76,Clouds,Mendung,9.6,0.0,100
2025-12-15T22:00,Node_Warkop_Kusuma,24.5,27.4,79,Clouds,Mendung,8.6,0.0,100
2025-12-15T23:00,Node_Warkop_Kusuma,24.2,27.3,81,Clouds,Mendung,8.3,0.0,100
2025-12-16T00:00,Node_Warkop_Kusuma,23.9,27.0,83,Clouds,Mendung,8.3,0.0,100
2025-12-16T01:00,Node_Warkop_Kusuma,24.0,27.1,84,Clouds,Mendung,9.3,0.0,100
2025-12-16T02:00,Node_Warkop_Kusuma,24.5,26.9,79,Clouds,Mendung,12.7,0.0,100
2025-12-16T03:00,Node_Warkop_Kusuma,24.3,26.9,81,Clouds,Mendung,12.1,0.0,100
2025-12-16T04:00,Node_Warkop_Kusuma,24.0,26.7,84,Clouds,Mendung,11.5,0.0,100
2025-12-16T05:00,Node_Warkop_Kusuma,23.4,26.4,88,Clouds,Mendung,10.4,0.0,100
2025-12-16T06:00,Node_Warkop_Kusuma,23.8,26.4,87,Clouds,Mendung,13.7,0.0,100
2025-12-16T07:00,Node_Warkop_Kusuma,25.4,28.5,81,Clouds,Mendung,11.8,0.0,98
2025-12-16T08:00,Node_Warkop_Kusuma,27.0,29.0,74,Clouds,Mendung,19.3,0.0,81
2025-12-16T09:00,Node_Warkop_Kusuma,28.4,30.4,67,Clouds,Mendung,20.6,0.0,99
2025-12-16T10:00,Node_Warkop_Kusuma,29.0,31.3,64,Drizzle,Gerimis ringan,20.7,0.1,100
2025-12-16T11:00,Node_Warkop_Kusuma,30.1,33.7,61,Drizzle,Gerimis ringan,19.6,0.1,100
2025-12-16T12:00,Node_Warkop_Kusuma,30.7,34.1,58,Drizzle,Gerimis ringan,20.1,0.1,100
2025-12-16T13:00,Node_Warkop_Kusuma,31.0,34.2,58,Clouds,Mendung,21.6,0.0,97
2025-12-16T14:00,Node_Warkop_Kusuma,30.5,33.0,59,Clouds,Mendung,21.3,0.0,100
2025-12-16T15:00,Node_Warkop_Kusuma,30.0,31.9,61,Clouds,Mendung,20.1,0.0,98
2025-12-16T16:00,Node_Warkop_Kusuma,29.2,31.2,64,Clouds,Cerah berawan,19.0,0.0,26
2025-12-16T17:00,Node_Warkop_Kusuma,28.0,30.7,69,Clouds,Cerah berawan,15.3,0.0,24
2025-12-16T18:00,Node_Warkop_Kusuma,26.8,29.8,74,Clouds,Mendung,11.9,0.0,98
2025-12-16T19:00,Node_Warkop_Kusuma,26.5,29.8,78,Clouds,Mendung,12.3,0.0,82
2025-12-16T20:00,Node_Warkop_Kusuma,26.0,29.7,81,Clouds,Cerah berawan,10.7,0.0,30
2025-12-16T21:00,Node_Warkop_Kusuma,25.5,29.3,83,Clouds,Cerah berawan,8.6,0.0,24
2025-12-16T22:00,Node_Warkop_Kusuma,25.0,28.9,84,Clouds,Berawan sebagian,7.7,0.0,59
2025-12-16T23:00,Node_Warkop_Kusuma,24.5,28.6,87,Clouds,Mendung,6.0,0.0,94
2025-12-17T00:00,Node_Warkop_Kusuma,24.0,27.9,89,Clouds,Cerah berawan,8.3,0.0,23
2025-12-17T01:00,Node_Warkop_Kusuma,23.9,27.3,91,Clouds,Cerah berawan,11.3,0.0,23
2025-12-17T02:00,Node_Warkop_Kusuma,23.9,27.4,91,Clouds,Mendung,10.6,0.0,97
2025-12-17T03:00,Node_Warkop_Kusuma,23.5,27.0,93,Clouds,Mendung,9.9,0.0,90
2025-12-17T04:00,Node_Warkop_Kusuma,23.1,26.7,94,Clouds,Mendung,10.1,0.0,98
2025-12-17T05:00,Node_Warkop_Kusuma,23.0,26.2,94,Clouds,Mendung,12.6,0.0,91
2025-12-17T06:00,Node_Warkop_Kusuma,23.8,27.1,92,Clouds,Mendung,12.6,0.0,96
2025-12-17T07:00,Node_Warkop_Kusuma,26.0,29.6,84,Clouds,Mendung,13.4,0.0,99
2025-12-17T08:00,Node_Warkop_Kusuma,27.5,30.7,76,Clouds,Berawan sebagian,15.0,0.0,73
2025-12-17T09:00,Node_Warkop_Kusuma,28.4,31.6,72,Drizzle,Gerimis ringan,16.4,0.1,81
2025-12-17T10:00,Node_Warkop_Kusuma,28.9,33.1,71,Drizzle,Gerimis ringan,14.5,0.1,100
2025-12-17T11:00,Node_Warkop_Kusuma,29.3,33.7,69,Clouds,Berawan sebagian,14.4,0.0,62
2025-12-17T12:00,Node_Warkop_Kusuma,29.0,33.6,68,Drizzle,Gerimis ringan,16.1,0.2,73
2025-12-17T13:00,Node_Warkop_Kusuma,30.5,34.7,65,Drizzle,Gerimis ringan,16.8,0.2,75
2025-12-17T14:00,Node_Warkop_Kusuma,30.1,34.1,65,Drizzle,Gerimis ringan,16.7,0.1,90
2025-12-17T15:00,Node_Warkop_Kusuma,29.0,31.9,67,Drizzle,Gerimis,15.2,0.6,97
2025-12-17T16:00,Node_Warkop_Kusuma,29.0,32.0,68,Clouds,Mendung,15.0,0.0,95
2025-12-17T17:00,Node_Warkop_Kusuma,27.6,31.2,74,Drizzle,Gerimis ringan,12.4,0.3,30
2025-12-17T18:00,Node_Warkop_Kusuma,26.9,30.1,75,Clouds,Cerah berawan,12.2,0.0,29
2025-12-17T19:00,Node_Warkop_Kusuma,26.7,30.8,77,Clouds,Mendung,7.3,0.0,90
2025-12-17T20:00,Node_Warkop_Kusuma,26.3,31.1,80,Clouds,Mendung,3.3,0.0,95
2025-12-17T21:00,Node_Warkop_Kusuma,25.5,29.7,84,Clouds,Mendung,7.3,0.0,97
2025-12-17T22:00,Node_Warkop_Kusuma,24.6,28.9,89,Clouds,Mendung,6.8,0.0,100
2025-12-17T23:00,Node_Warkop_Kusuma,24.2,28.7,91,Clouds,Mendung,6.1,0.0,83
2025-12-18T00:00,Node_Warkop_Kusuma,23.8,28.2,94,Clouds,Mendung,6.2,0.0,97
2025-12-18T01:00,Node_Warkop_Kusuma,23.9,28.5,98,Clouds,Mendung,8.0,0.0,99
2025-12-18T02:00,Node_Warkop_Kusuma,23.9,28.7,98,Clouds,Mendung,7.3,0.0,98
2025-12-18T03:00,Node_Warkop_Kusuma,23.8,28.5,98,Clouds,Mendung,7.5,0.0,99
2025-12-18T04:00,Node_Warkop_Kusuma,23.5,28.0,99,Clouds,Mendung,8.5,0.0,100
2025-12-18T05:00,Node_Warkop_Kusuma,23.5,27.8,98,Clouds,Mendung,8.2,0.0,100
2025-12-18T06:00,Node_Warkop_Kusuma,24.0,28.3,95,Clouds,Mendung,9.0,0.0,100
2025-12-18T07:00,Node_Warkop_Kusuma,26.1,31.3,86,Clouds,Mendung,4.3,0.0,100
2025-12-18T08:00,Node_Warkop_Kusuma,27.7,33.1,80,Clouds,Mendung,4.3,0.0,100
2025-12-18T09:00,Node_Warkop_Kusuma,29.0,33.9,72,Clouds,Mendung,8.0,0.0,100
2025-12-18T10:00,Node_Warkop_Kusuma,30.1,35.2,67,Clouds,Mendung,10.3,0.0,98
2025-12-18T11:00,Node_Warkop_Kusuma,31.1,36.2,62,Clouds,Mendung,13.4,0.0,100
2025-12-18T12:00,Node_Warkop_Kusuma,28.2,30.8,71,Drizzle,Gerimis lebat,21.5,1.0,100
2025-12-18T13:00,Node_Warkop_Kusuma,29.5,33.5,67,Rain,Hujan ringan,12.7,1.4,100
2025-12-18T14:00,Node_Warkop_Kusuma,30.5,35.4,65,Clouds,Mendung,8.1,0.0,100
2025-12-18T15:00,Node_Warkop_Kusuma,28.9,32.7,69,Drizzle,Gerimis,10.0,0.6,100
2025-12-18T16:00,Node_Warkop_Kusuma,25.0,28.4,87,Rain,Hujan lebat,12.5,11.1,100
2025-12-18T17:00,Node_Warkop_Kusuma,25.0,29.6,88,Drizzle,Gerimis ringan,5.3,0.3,100
2025-12-18T18:00,Node_Warkop_Kusuma,24.5,29.4,94,Clouds,Mendung,5.5,0.0,100
2025-12-18T19:00,Node_Warkop_Kusuma,24.1,29.3,94,Clouds,Mendung,2.7,0.0,100
2025-12-18T20:00,Node_Warkop_Kusuma,23.9,28.9,96,Clouds,Mendung,4.3,0.0,100
2025-12-18T21:00,Node_Warkop_Kusuma,23.5,28.4,98,Clouds,Mendung,4.1,0.0,100
2025-12-18T22:00,Node_Warkop_Kusuma,23.3,28.1,99,Clouds,Mendung,5.2,0.0,100
2025-12-18T23:00,Node_Warkop_Kusuma,23.4,28.4,99,Clouds,Mendung,4.0,0.0,100
2025-12-19T00:00,Node_Warkop_Kusuma,23.2,28.6,99,Drizzle,Gerimis ringan,0.8,0.2,100
2025-12-19T01:00,Node_Warkop_Kusuma,23.6,28.0,97,Drizzle,Gerimis ringan,8.0,0.2,99
2025-12-19T02:00,Node_Warkop_Kusuma,23.6,28.1,96,Drizzle,Gerimis ringan,7.3,0.2,100
2025-12-19T03:00,Node_Warkop_Kusuma,23.1,28.4,97,Clouds,Mendung,0.2,0.0,100
2025-12-19T04:00,Node_Warkop_Kusuma,22.6,27.5,99,Clouds,Mendung,2.5,0.0,100
2025-12-19T05:00,Node_Warkop_Kusuma,22.7,27.4,99,Clouds,Mendung,4.1,0.0,100
2025-12-19T06:00,Node_Warkop_Kusuma,23.0,28.0,100,Clouds,Mendung,4.2,0.0,100
2025-12-19T07:00,Node_Warkop_Kusuma,24.5,30.4,96,Clouds,Mendung,1.1,0.0,100
2025-12-19T08:00,Node_Warkop_Kusuma,26.4,31.6,85,Clouds,Mendung,4.3,0.0,100
2025-12-19T09:00,Node_Warkop_Kusuma,28.1,33.7,74,Clouds,Mendung,2.7,0.0,98
2025-12-19T10:00,Node_Warkop_Kusuma,29.4,35.3,67,Drizzle,Gerimis ringan,6.7,0.1,98
2025-12-19T11:00,Node_Warkop_Kusuma,30.4,36.6,62,Drizzle,Gerimis ringan,7.3,0.1,99
2025-12-19T12:00,Node_Warkop_Kusuma,30.8,37.0,61,Drizzle,Gerimis ringan,6.0,0.2,73
2025-12-19T13:00,Node_Warkop_Kusuma,30.8,34.9,56,Drizzle,Gerimis,12.1,0.9,100
2025-12-19T14:00,Node_Warkop_Kusuma,27.6,31.0,74,Drizzle,Gerimis,13.0,0.5,100
2025-12-19T15:00,Node_Warkop_Kusuma,27.7,32.3,79,Drizzle,Gerimis,8.7,0.9,100
2025-12-19T16:00,Node_Warkop_Kusuma,27.7,31.8,77,Drizzle,Gerimis,11.3,0.8,100
2025-12-19T17:00,Node_Warkop_Kusuma,26.9,30.9,81,Clouds,Mendung,11.5,0.0,100
2025-12-19T18:00,Node_Warkop_Kusuma,25.9,29.8,84,Clouds,Mendung,10.7,0.0,100
2025-12-19T19:00,Node_Warkop_Kusuma,26.4,30.4,83,Clouds,Mendung,10.9,0.0,100
2025-12-19T20:00,Node_Warkop_Kusuma,26.0,29.4,83,Clouds,Mendung,12.9,0.0,98
2025-12-19T21:00,Node_Warkop_Kusuma,25.5,29.7,86,Clouds,Mendung,8.4,0.0,100
2025-12-19T22:00,Node_Warkop_Kusuma,25.0,29.4,89,Clouds,Mendung,7.4,0.0,91
2025-12-19T23:00,Node_Warkop_Kusuma,24.4,28.8,92,Clouds,Mendung,7.4,0.0,95
2025-12-20T00:00,Node_Warkop_Kusuma,24.2,28.7,94,Clouds,Berawan sebagian,7.2,0.0,70
2025-12-20T01:00,Node_Warkop_Kusuma,23.9,28.8,94,Drizzle,Gerimis ringan,3.2,0.1,88
2025-12-20T02:00,Node_Warkop_Kusuma,23.6,28.3,97,Drizzle,Gerimis ringan,6.2,0.2,99
2025-12-20T03:00,Node_Warkop_Kusuma,23.3,28.6,100,Clouds,Mendung,2.1,0.0,100
2025-12-20T04:00,Node_Warkop_Kusuma,23.4,28.6,99,Clouds,Mendung,2.6,0.0,91
2025-12-20T05:00,Node_Warkop_Kusuma,23.0,28.2,100,Clouds,Mendung,1.8,0.0,100
2025-12-20T06:00,Node_Warkop_Kusuma,23.5,28.9,99,Clouds,Mendung,2.7,0.0,100
2025-12-20T07:00,Node_Warkop_Kusuma,25.4,30.8,91,Clouds,Berawan sebagian,3.1,0.0,62
2025-12-20T08:00,Node_Warkop_Kusuma,27.2,32.8,81,Clouds,Berawan sebagian,2.1,0.0,71
2025-12-20T09:00,Node_Warkop_Kusuma,28.7,34.6,74,Drizzle,Gerimis ringan,2.8,0.1,66
2025-12-20T10:00,Node_Warkop_Kusuma,29.8,36.3,71,Drizzle,Gerimis ringan,1.3,0.1,96
2025-12-20T11:00,Node_Warkop_Kusuma,30.6,38.1,69,Drizzle,Gerimis ringan,4.5,0.1,100
2025-12-20T12:00,Node_Warkop_Kusuma,29.9,36.6,71,Drizzle,Gerimis,3.6,0.7,100
2025-12-20T13:00,Node_Warkop_Kusuma,26.6,31.8,85,Rain,Hujan lebat,6.0,14.4,100
2025-12-20T14:00,Node_Warkop_Kusuma,28.1,33.8,79,Drizzle,Gerimis,7.3,0.5,100
2025-12-20T15:00,Node_Warkop_Kusuma,26.2,31.0,84,Rain,Hujan ringan,6.5,1.6,100
2025-12-20T16:00,Node_Warkop_Kusuma,26.5,31.5,84,Drizzle,Gerimis ringan,5.5,0.2,100
2025-12-20T17:00,Node_Warkop_Kusuma,24.3,28.8,95,Rain,Hujan lebat,8.4,7.8,100
2025-12-20T18:00,Node_Warkop_Kusuma,24.2,29.5,96,Drizzle,Gerimis,4.2,0.8,100
2025-12-20T19:00,Node_Warkop_Kusuma,24.1,29.3,96,Drizzle,Gerimis ringan,4.2,0.4,100
2025-12-20T20:00,Node_Warkop_Kusuma,24.1,29.6,96,Drizzle,Gerimis ringan,2.2,0.1,100
2025-12-20T21:00,Node_Warkop_Kusuma,23.8,29.2,98,Clouds,Mendung,1.8,0.0,100
2025-12-20T22:00,Node_Warkop_Kusuma,23.7,29.1,99,Clouds,Mendung,2.4,0.0,100
2025-12-20T23:00,Node_Warkop_Kusuma,23.5,28.7,100,Drizzle,Gerimis ringan,4.6,0.1,100
2025-12-21T00:00,Node_Warkop_Kusuma,23.4,28.9,100,Drizzle,Gerimis ringan,1.3,0.1,100
2025-12-21T01:00,Node_Warkop_Kusuma,23.8,29.4,100,Drizzle,Gerimis ringan,1.8,0.1,100
2025-12-21T02:00,Node_Warkop_Kusuma,23.6,29.1,100,Clouds,Mendung,3.1,0.0,100
2025-12-21T03:00,Node_Warkop_Kusuma,23.5,28.9,100,Clouds,Mendung,3.2,0.0,100
2025-12-21T04:00,Node_Warkop_Kusuma,23.5,28.8,100,Clouds,Mendung,3.0,0.0,100
2025-12-21T05:00,Node_Warkop_Kusuma,23.1,28.3,100,Clouds,Mendung,3.0,0.0,100
2025-12-21T06:00,Node_Warkop_Kusuma,23.5,28.8,99,Clouds,Mendung,3.0,0.0,100
2025-12-21T07:00,Node_Warkop_Kusuma,24.6,30.1,92,Clouds,Mendung,1.7,0.0,100
2025-12-21T08:00,Node_Warkop_Kusuma,26.4,31.9,84,Clouds,Mendung,1.7,0.0,100
2025-12-21T09:00,Node_Warkop_Kusuma,26.9,32.2,80,Clouds,Mendung,2.1,0.0,100
2025-12-21T10:00,Node_Warkop_Kusuma,27.2,32.7,80,Clouds,Mendung,2.0,0.0,100
2025-12-21T11:00,Node_Warkop_Kusuma,28.4,34.1,75,Clouds,Mendung,0.8,0.0,100
2025-12-21T12:00,Node_Warkop_Kusuma,29.1,34.3,71,Clouds,Mendung,4.1,0.0,88
2025-12-21T13:00,Node_Warkop_Kusuma,30.1,36.2,66,Clouds,Mendung,5.2,0.0,100
2025-12-21T14:00,Node_Warkop_Kusuma,29.7,36.1,70,Drizzle,Gerimis ringan,6.5,0.1,100
2025-12-21T15:00,Node_Warkop_Kusuma,25.1,29.6,87,Rain,Hujan lebat,6.6,9.5,100
2025-12-21T16:00,Node_Warkop_Kusuma,25.1,29.9,88,Drizzle,Gerimis ringan,5.0,0.4,100
2025-12-21T17:00,Node_Warkop_Kusuma,25.0,30.2,90,Drizzle,Gerimis ringan,2.6,0.1,100
2025-12-21T18:00,Node_Warkop_Kusuma,24.5,30.0,94,Clouds,Mendung,2.5,0.0,100
2025-12-21T19:00,Node_Warkop_Kusuma,25.4,31.4,93,Clouds,Mendung,1.5,0.0,100
2025-12-21T20:00,Node_Warkop_Kusuma,25.4,31.6,95,Clouds,Mendung,1.0,0.0,100
2025-12-21T21:00,Node_Warkop_Kusuma,25.0,31.2,97,Drizzle,Gerimis ringan,2.5,0.2,100
2025-12-21T22:00,Node_Warkop_Kusuma,24.6,30.5,99,Drizzle,Gerimis ringan,4.3,0.4,100
2025-12-21T23:00,Node_Warkop_Kusuma,24.5,30.4,100,Drizzle,Gerimis,4.3,0.7,100
2025-12-22T00:00,Node_Warkop_Kusuma,24.4,30.0,100,Drizzle,Gerimis,5.1,0.8,100
2025-12-22T01:00,Node_Warkop_Kusuma,24.4,30.0,100,Drizzle,Gerimis ringan,4.4,0.2,100
2025-12-22T02:00,Node_Warkop_Kusuma,24.1,29.5,98,Clouds,Mendung,4.6,0.0,100
2025-12-22T03:00,Node_Warkop_Kusuma,23.6,29.0,98,Clouds,Mendung,2.1,0.0,100
2025-12-22T04:00,Node_Warkop_Kusuma,23.6,29.2,98,Clouds,Mendung,0.6,0.0,99
2025-12-22T05:00,Node_Warkop_Kusuma,23.3,28.7,100,Clouds,Mendung,1.8,0.0,99
2025-12-22T06:00,Node_Warkop_Kusuma,23.6,28.9,100,Clouds,Mendung,4.4,0.0,100
2025-12-22T07:00,Node_Warkop_Kusuma,25.4,31.8,98,Clouds,Mendung,1.5,0.0,100
2025-12-22T08:00,Node_Warkop_Kusuma,26.1,31.8,90,Drizzle,Gerimis ringan,3.9,0.1,100
2025-12-22T09:00,Node_Warkop_Kusuma,27.6,33.4,82,Clouds,Mendung,2.5,0.0,95
2025-12-22T10:00,Node_Warkop_Kusuma,28.4,34.2,78,Clouds,Mendung,2.1,0.0,99
2025-12-22T11:00,Node_Warkop_Kusuma,29.0,34.1,73,Clouds,Mendung,4.8,0.0,100
2025-12-22T12:00,Node_Warkop_Kusuma,29.4,34.5,72,Clouds,Berawan sebagian,5.4,0.0,76
2025-12-22T13:00,Node_Warkop_Kusuma,31.0,36.1,63,Clouds,Mendung,5.5,0.0,90
2025-12-22T14:00,Node_Warkop_Kusuma,31.2,37.5,64,Clouds,Mendung,7.4,0.0,91
2025-12-22T15:00,Node_Warkop_Kusuma,30.2,34.6,66,Drizzle,Gerimis ringan,12.0,0.1,100
2025-12-22T16:00,Node_Warkop_Kusuma,25.8,31.7,90,Rain,Hujan lebat,1.9,10.7,100
2025-12-22T17:00,Node_Warkop_Kusuma,25.3,31.1,92,Drizzle,Gerimis ringan,1.7,0.1,100
2025-12-22T18:00,Node_Warkop_Kusuma,25.2,31.3,96,Drizzle,Gerimis ringan,2.4,0.1,100
2025-12-22T19:00,Node_Warkop_Kusuma,25.7,32.2,98,Clouds,Mendung,3.7,0.0,100
2025-12-22T20:00,Node_Warkop_Kusuma,25.6,32.3,99,Clouds,Mendung,2.8,0.0,100
2025-12-22T21:00,Node_Warkop_Kusuma,25.2,31.3,100,Drizzle,Gerimis ringan,4.8,0.2,100
2025-12-22T22:00,Node_Warkop_Kusuma,24.8,29.9,99,Clouds,Mendung,9.4,0.0,100
2025-12-22T23:00,Node_Warkop_Kusuma,24.4,29.0,99,Clouds,Mendung,10.3,0.0,100
2025-12-23T00:00,Node_Warkop_Kusuma,24.3,28.9,99,Clouds,Mendung,10.4,0.0,100
2025-12-23T01:00,Node_Warkop_Kusuma,24.3,28.8,98,Clouds,Mendung,10.8,0.0,100
2025-12-23T02:00,Node_Warkop_Kusuma,24.1,28.6,98,Clouds,Mendung,10.3,0.0,100
2025-12-23T03:00,Node_Warkop_Kusuma,23.9,28.3,99,Clouds,Mendung,9.7,0.0,100
2025-12-23T04:00,Node_Warkop_Kusuma,23.7,28.1,99,Clouds,Mendung,9.6,0.0,100
2025-12-23T05:00,Node_Warkop_Kusuma,23.6,27.9,98,Clouds,Mendung,9.6,0.0,100
2025-12-23T06:00,Node_Warkop_Kusuma,24.0,28.4,97,Clouds,Mendung,10.1,0.0,100
2025-12-23T07:00,Node_Warkop_Kusuma,25.9,31.9,91,Clouds,Berawan sebagian,0.9,0.0,62
2025-12-23T08:00,Node_Warkop_Kusuma,27.8,34.1,82,Clear,Cerah,0.5,0.0,15
2025-12-23T09:00,Node_Warkop_Kusuma,29.0,35.3,74,Drizzle,Gerimis ringan,1.7,0.1,13
2025-12-23T10:00,Node_Warkop_Kusuma,30.2,36.8,68,Drizzle,Gerimis ringan,4.8,0.2,37
2025-12-23T11:00,Node_Warkop_Kusuma,31.4,38.2,64,Drizzle,Gerimis ringan,7.4,0.1,30
2025-12-23T12:00,Node_Warkop_Kusuma,30.8,36.6,64,Clouds,Mendung,11.0,0.0,95
2025-12-23T13:00,Node_Warkop_Kusuma,30.6,35.3,63,Rain,Hujan,11.2,3.7,75
2025-12-23T14:00,Node_Warkop_Kusuma,30.8,35.4,66,Drizzle,Gerimis ringan,11.1,0.1,99
2025-12-23T15:00,Node_Warkop_Kusuma,30.0,34.0,65,Drizzle,Gerimis ringan,8.0,0.2,100
2025-12-23T16:00,Node_Warkop_Kusuma,29.1,32.7,66,Drizzle,Gerimis ringan,10.5,0.4,100
2025-12-23T17:00,Node_Warkop_Kusuma,28.2,32.8,75,Drizzle,Gerimis ringan,8.1,0.2,99
2025-12-23T18:00,Node_Warkop_Kusuma,26.8,31.7,83,Clouds,Mendung,6.5,0.0,100
2025-12-23T19:00,Node_Warkop_Kusuma,26.5,31.5,84,Clouds,Mendung,6.3,0.0,100
2025-12-23T20:00,Node_Warkop_Kusuma,26.0,31.1,87,Drizzle,Gerimis ringan,6.3,0.4,100
2025-12-23T21:00,Node_Warkop_Kusuma,25.2,30.2,91,Drizzle,Gerimis ringan,6.2,0.3,100
2025-12-23T22:00,Node_Warkop_Kusuma,24.8,29.6,95,Drizzle,Gerimis ringan,8.3,0.1,100
2025-12-23T23:00,Node_Warkop_Kusuma,24.4,29.1,96,Clouds,Mendung,8.9,0.0,100
2025-12-24T00:00,Node_Warkop_Kusuma,24.3,28.8,96,Clouds,Mendung,9.5,0.0,100
2025-12-24T01:00,Node_Warkop_Kusuma,24.3,28.7,96,Clouds,Mendung,9.6,0.0,100
2025-12-24T02:00,Node_Warkop_Kusuma,24.1,28.6,96,Clouds,Mendung,9.0,0.0,100
2025-12-24T03:00,Node_Warkop_Kusuma,24.0,28.6,96,Clouds,Mendung,7.2,0.0,100
2025-12-24T04:00,Node_Warkop_Kusuma,23.8,28.2,98,Clouds,Mendung,8.3,0.0,100
2025-12-24T05:00,Node_Warkop_Kusuma,23.8,28.4,98,Clouds,Mendung,7.2,0.0,100
2025-12-24T06:00,Node_Warkop_Kusuma,24.0,28.3,95,Clouds,Mendung,9.6,0.0,99
2025-12-24T07:00,Node_Warkop_Kusuma,26.1,30.8,87,Clear,Cerah,8.7,0.0,5
2025-12-24T08:00,Node_Warkop_Kusuma,27.6,32.1,78,Clear,Cerah,8.9,0.0,12
2025-12-24T09:00,Node_Warkop_Kusuma,29.1,33.6,70,Clouds,Berawan sebagian,9.9,0.0,52
2025-12-24T10:00,Node_Warkop_Kusuma,30.4,35.9,66,Clear,Cerah,9.9,0.0,7
2025-12-24T11:00,Node_Warkop_Kusuma,31.5,38.2,64,Clear,Cerah,8.7,0.0,15
2025-12-24T12:00,Node_Warkop_Kusuma,32.1,39.7,62,Clouds,Mendung,6.4,0.0,84
2025-12-24T13:00,Node_Warkop_Kusuma,32.0,39.7,61,Drizzle,Gerimis,3.4,0.8,100
2025-12-24T14:00,Node_Warkop_Kusuma,27.5,31.6,80,Rain,Hujan ringan,13.5,2.3,100
2025-12-24T15:00,Node_Warkop_Kusuma,26.0,31.8,88,Drizzle,Gerimis lebat,0.8,1.1,82
2025-12-24T16:00,Node_Warkop_Kusuma,25.8,30.7,87,Drizzle,Gerimis ringan,5.5,0.1,95
2025-12-24T17:00,Node_Warkop_Kusuma,25.6,30.2,86,Drizzle,Gerimis ringan,7.2,0.2,99
2025-12-24T18:00,Node_Warkop_Kusuma,25.0,30.2,90,Clouds,Mendung,2.6,0.0,99
2025-12-24T19:00,Node_Warkop_Kusuma,25.2,29.5,88,Clouds,Mendung,9.1,0.0,100
2025-12-24T20:00,Node_Warkop_Kusuma,25.0,28.8,88,Clouds,Mendung,11.0,0.0,100
2025-12-24T21:00,Node_Warkop_Kusuma,24.8,28.9,89,Clouds,Mendung,9.5,0.0,100
2025-12-24T22:00,Node_Warkop_Kusuma,24.5,29.1,93,Clouds,Mendung,7.6,0.0,100
2025-12-24T23:00,Node_Warkop_Kusuma,24.2,28.9,96,Clouds,Mendung,7.0,0.0,98
2025-12-25T00:00,Node_Warkop_Kusuma,23.9,28.7,97,Clouds,Mendung,6.9,0.0,94
2025-12-25T01:00,Node_Warkop_Kusuma,24.2,29.1,97,Clouds,Mendung,6.9,0.0,88
2025-12-25T02:00,Node_Warkop_Kusuma,24.0,28.8,97,Clouds,Mendung,6.7,0.0,100
2025-12-25T03:00,Node_Warkop_Kusuma,23.8,28.3,98,Clouds,Mendung,8.2,0.0,97
2025-12-25T04:00,Node_Warkop_Kusuma,23.7,28.0,96,Clouds,Mendung,8.9,0.0,100
2025-12-25T05:00,Node_Warkop_Kusuma,23.5,28.1,97,Clouds,Mendung,6.5,0.0,100
2025-12-25T06:00,Node_Warkop_Kusuma,24.1,29.0,96,Clouds,Mendung,6.0,0.0,100
2025-12-25T07:00,Node_Warkop_Kusuma,26.3,32.1,88,Clouds,Mendung,2.8,0.0,100
2025-12-25T08:00,Node_Warkop_Kusuma,28.0,33.4,79,Clouds,Mendung,4.9,0.0,100
2025-12-25T09:00,Node_Warkop_Kusuma,29.1,34.3,73,Drizzle,Gerimis ringan,5.6,0.1,100
2025-12-25T10:00,Node_Warkop_Kusuma,30.1,36.2,69,Drizzle,Gerimis ringan,5.0,0.3,100
2025-12-25T11:00,Node_Warkop_Kusuma,31.0,38.1,67,Clouds,Mendung,6.2,0.0,100
2025-12-25T12:00,Node_Warkop_Kusuma,32.2,39.0,61,Clouds,Mendung,6.8,0.0,100
2025-12-25T13:00,Node_Warkop_Kusuma,31.6,36.6,63,Drizzle,Gerimis lebat,5.9,1.1,100
2025-12-25T14:00,Node_Warkop_Kusuma,30.0,35.4,70,Rain,Hujan ringan,5.6,2.4,85
2025-12-25T15:00,Node_Warkop_Kusuma,29.4,33.2,70,Drizzle,Gerimis ringan,12.9,0.3,59
2025-12-25T16:00,Node_Warkop_Kusuma,27.3,31.5,80,Rain,Hujan,11.6,2.5,74
2025-12-25T17:00,Node_Warkop_Kusuma,25.5,29.4,89,Rain,Hujan ringan,13.1,1.7,95
2025-12-25T18:00,Node_Warkop_Kusuma,24.8,29.2,92,Drizzle,Gerimis ringan,8.5,0.2,92
2025-12-25T19:00,Node_Warkop_Kusuma,25.6,31.7,95,Clouds,Mendung,2.8,0.0,99
2025-12-25T20:00,Node_Warkop_Kusuma,24.9,30.3,98,Drizzle,Gerimis ringan,6.9,0.1,88
2025-12-25T21:00,Node_Warkop_Kusuma,24.6,29.8,99,Clouds,Mendung,8.0,0.0,94
2025-12-25T22:00,Node_Warkop_Kusuma,24.5,29.1,98,Clouds,Mendung,11.2,0.0,91
2025-12-25T23:00,Node_Warkop_Kusuma,24.3,28.8,98,Clouds,Mendung,10.8,0.0,100
2025-12-26T00:00,Node_Warkop_Kusuma,24.4,28.6,97,Clouds,Mendung,12.1,0.0,100
2025-12-26T01:00,Node_Warkop_Kusuma,24.2,28.8,97,Clouds,Mendung,9.8,0.0,100
2025-12-26T02:00,Node_Warkop_Kusuma,24.4,29.0,96,Clouds,Mendung,8.9,0.0,100
2025-12-26T03:00,Node_Warkop_Kusuma,24.2,29.4,97,Clouds,Mendung,5.4,0.0,100
2025-12-26T04:00,Node_Warkop_Kusuma,23.9,29.3,99,Clouds,Mendung,3.5,0.0,100
2025-12-26T05:00,Node_Warkop_Kusuma,23.6,28.7,99,Clouds,Mendung,4.9,0.0,100
2025-12-26T06:00,Node_Warkop_Kusuma,24.0,28.4,97,Clouds,Mendung,9.1,0.0,100
2025-12-26T07:00,Node_Warkop_Kusuma,25.9,30.4,91,Clouds,Mendung,11.2,0.0,93
2025-12-26T08:00,Node_Warkop_Kusuma,27.5,31.8,81,Clouds,Mendung,12.3,0.0,100
2025-12-26T09:00,Node_Warkop_Kusuma,28.8,32.4,72,Clouds,Mendung,16.2,0.0,100
2025-12-26T10:00,Node_Warkop_Kusuma,29.8,33.5,66,Clouds,Mendung,16.8,0.0,100
2025-12-26T11:00,Node_Warkop_Kusuma,29.1,34.0,71,Drizzle,Gerimis,16.2,0.7,100
2025-12-26T12:00,Node_Warkop_Kusuma,29.5,33.7,68,Drizzle,Gerimis lebat,19.5,1.1,100
2025-12-26T13:00,Node_Warkop_Kusuma,28.5,32.5,76,Drizzle,Gerimis,19.7,0.5,100
2025-12-26T14:00,Node_Warkop_Kusuma,27.1,31.3,83,Drizzle,Gerimis,16.8,0.8,100
2025-12-26T15:00,Node_Warkop_Kusuma,26.9,29.5,79,Rain,Hujan ringan,20.2,1.5,99
2025-12-26T16:00,Node_Warkop_Kusuma,26.1,29.8,83,Drizzle,Gerimis ringan,12.4,0.4,100
2025-12-26T17:00,Node_Warkop_Kusuma,25.1,28.8,86,Drizzle,Gerimis,11.0,0.5,100
2025-12-26T18:00,Node_Warkop_Kusuma,24.2,28.1,92,Drizzle,Gerimis ringan,10.9,0.2,100
2025-12-26T19:00,Node_Warkop_Kusuma,23.9,27.7,96,Clouds,Mendung,12.0,0.0,100
2025-12-26T20:00,Node_Warkop_Kusuma,23.5,27.7,99,Drizzle,Gerimis ringan,10.8,0.3,100
2025-12-26T21:00,Node_Warkop_Kusuma,23.2,27.0,98,Drizzle,Gerimis ringan,11.4,0.3,100
2025-12-26T22:00,Node_Warkop_Kusuma,23.1,26.8,98,Drizzle,Gerimis ringan,11.4,0.1,100
2025-12-26T23:00,Node_Warkop_Kusuma,23.4,26.9,96,Clouds,Mendung,12.0,0.0,100
2025-12-27T00:00,Node_Warkop_Kusuma,23.5,27.3,97,Clouds,Mendung,11.5,0.0,100
2025-12-27T01:00,Node_Warkop_Kusuma,23.6,27.9,98,Clouds,Mendung,9.9,0.0,100
2025-12-27T02:00,Node_Warkop_Kusuma,23.5,27.4,98,Rain,Hujan ringan,11.8,1.5,100
2025-12-27T03:00,Node_Warkop_Kusuma,23.0,25.9,97,Rain,Hujan ringan,15.0,2.0,100
2025-12-27T04:00,Node_Warkop_Kusuma,22.9,26.0,96,Rain,Hujan ringan,13.6,2.4,100
2025-12-27T05:00,Node_Warkop_Kusuma,22.9,25.9,96,Drizzle,Gerimis ringan,13.7,0.2,100
2025-12-27T06:00,Node_Warkop_Kusuma,23.3,26.7,95,Drizzle,Gerimis ringan,12.3,0.1,100
2025-12-27T07:00,Node_Warkop_Kusuma,24.0,27.6,93,Clouds,Mendung,13.0,0.0,100
2025-12-27T08:00,Node_Warkop_Kusuma,25.2,28.5,88,Drizzle,Gerimis ringan,15.8,0.2,100
2025-12-27T09:00,Node_Warkop_Kusuma,25.9,28.6,84,Drizzle,Gerimis ringan,19.5,0.1,100
2025-12-27T10:00,Node_Warkop_Kusuma,26.9,29.8,80,Drizzle,Gerimis ringan,18.2,0.1,100
2025-12-27T11:00,Node_Warkop_Kusuma,27.9,31.1,76,Clouds,Mendung,16.2,0.0,100
2025-12-27T12:00,Node_Warkop_Kusuma,28.5,31.6,73,Clouds,Mendung,18.1,0.0,100
2025-12-27T13:00,Node_Warkop_Kusuma,29.5,32.6,69,Clouds,Mendung,17.6,0.0,100
2025-12-27T14:00,Node_Warkop_Kusuma,30.0,33.9,66,Drizzle,Gerimis ringan,16.8,0.1,99
2025-12-27T15:00,Node_Warkop_Kusuma,28.6,31.6,73,Drizzle,Gerimis,18.7,0.7,100
2025-12-27T16:00,Node_Warkop_Kusuma,27.4,31.2,78,Clouds,Mendung,12.4,0.0,100
2025-12-27T17:00,Node_Warkop_Kusuma,25.6,29.2,87,Rain,Hujan,13.9,4.6,100
2025-12-27T18:00,Node_Warkop_Kusuma,24.5,28.1,92,Drizzle,Gerimis ringan,13.7,0.1,100
2025-12-27T19:00,Node_Warkop_Kusuma,24.5,28.9,92,Drizzle,Gerimis ringan,8.8,0.1,100
2025-12-27T20:00,Node_Warkop_Kusuma,24.4,28.5,94,Clouds,Mendung,11.1,0.0,100
2025-12-27T21:00,Node_Warkop_Kusuma,24.2,27.9,94,Clouds,Mendung,13.3,0.0,100
2025-12-27T22:00,Node_Warkop_Kusuma,23.9,26.9,93,Clouds,Mendung,15.3,0.0,100
2025-12-27T23:00,Node_Warkop_Kusuma,23.9,27.0,92,Clouds,Mendung,14.3,0.0,100
2025-12-28T00:00,Node_Warkop_Kusuma,23.5,27.1,94,Clouds,Mendung,12.1,0.0,100
2025-12-28T01:00,Node_Warkop_Kusuma,24.1,28.2,94,Clouds,Mendung,10.4,0.0,100
2025-12-28T02:00,Node_Warkop_Kusuma,23.9,28.0,95,Clouds,Mendung,10.2,0.0,91
2025-12-28T03:00,Node_Warkop_Kusuma,23.8,28.0,96,Clouds,Mendung,9.4,0.0,95
2025-12-28T04:00,Node_Warkop_Kusuma,23.5,27.6,97,Clouds,Berawan sebagian,9.4,0.0,57
2025-12-28T05:00,Node_Warkop_Kusuma,23.4,27.4,97,Clouds,Mendung,9.6,0.0,88
2025-12-28T06:00,Node_Warkop_Kusuma,23.9,27.8,95,Clouds,Berawan sebagian,11.3,0.0,73
2025-12-28T07:00,Node_Warkop_Kusuma,25.9,30.8,89,Clouds,Berawan sebagian,8.5,0.0,73
2025-12-28T08:00,Node_Warkop_Kusuma,27.5,32.1,81,Clouds,Cerah berawan,10.2,0.0,31
2025-12-28T09:00,Node_Warkop_Kusuma,28.9,33.3,73,Drizzle,Gerimis ringan,12.1,0.1,100
2025-12-28T10:00,Node_Warkop_Kusuma,29.8,34.5,69,Drizzle,Gerimis ringan,10.6,0.1,100
2025-12-28T11:00,Node_Warkop_Kusuma,30.9,36.8,64,Drizzle,Gerimis ringan,9.1,0.1,100
2025-12-28T12:00,Node_Warkop_Kusuma,31.6,38.5,62,Drizzle,Gerimis ringan,9.2,0.1,100
2025-12-28T13:00,Node_Warkop_Kusuma,32.0,37.6,60,Clouds,Mendung,13.3,0.0,100
2025-12-28T14:00,Node_Warkop_Kusuma,31.9,36.5,60,Clouds,Mendung,13.2,0.0,100
2025-12-28T15:00,Node_Warkop_Kusuma,31.1,34.8,61,Drizzle,Gerimis ringan,12.8,0.1,100
2025-12-28T16:00,Node_Warkop_Kusuma,30.0,33.5,66,Drizzle,Gerimis ringan,13.3,0.2,100
2025-12-28T17:00,Node_Warkop_Kusuma,28.8,32.8,73,Drizzle,Gerimis ringan,12.2,0.1,100
2025-12-28T18:00,Node_Warkop_Kusuma,27.5,31.3,78,Clouds,Mendung,13.1,0.0,98
2025-12-28T19:00,Node_Warkop_Kusuma,26.9,30.8,80,Clouds,Mendung,11.5,0.0,100
2025-12-28T20:00,Node_Warkop_Kusuma,26.3,30.8,85,Clouds,Mendung,9.0,0.0,100
2025-12-28T21:00,Node_Warkop_Kusuma,25.4,30.5,91,Clouds,Mendung,5.4,0.0,91
2025-12-28T22:00,Node_Warkop_Kusuma,24.5,29.7,95,Drizzle,Gerimis ringan,4.1,0.2,70
2025-12-28T23:00,Node_Warkop_Kusuma,24.2,29.3,96,Drizzle,Gerimis ringan,5.3,0.1,80
2025-12-29T00:00,Node_Warkop_Kusuma,24.2,28.7,96,Drizzle,Gerimis ringan,8.7,0.1,98
2025-12-29T01:00,Node_Warkop_Kusuma,24.0,28.5,98,Drizzle,Gerimis ringan,9.1,0.1,99
2025-12-29T02:00,Node_Warkop_Kusuma,24.0,28.6,97,Clouds,Berawan sebagian,7.8,0.0,67
2025-12-29T03:00,Node_Warkop_Kusuma,23.6,28.2,98,Clouds,Mendung,7.7,0.0,89
2025-12-29T04:00,Node_Warkop_Kusuma,23.4,27.9,99,Clouds,Cerah berawan,7.7,0.0,26
2025-12-29T05:00,Node_Warkop_Kusuma,23.3,27.4,98,Clouds,Cerah berawan,9.4,0.0,30
2025-12-29T06:00,Node_Warkop_Kusuma,23.5,27.4,96,Clear,Cerah,10.4,0.0,18
2025-12-29T07:00,Node_Warkop_Kusuma,25.8,29.6,87,Clouds,Mendung,12.9,0.0,81
2025-12-29T08:00,Node_Warkop_Kusuma,27.0,31.0,80,Drizzle,Gerimis ringan,12.5,0.2,86
2025-12-29T09:00,Node_Warkop_Kusuma,28.1,31.8,75,Drizzle,Gerimis,13.9,0.5,100
2025-12-29T10:00,Node_Warkop_Kusuma,28.9,32.9,71,Drizzle,Gerimis,13.7,0.6,99
2025-12-29T11:00,Node_Warkop_Kusuma,29.9,35.0,66,Drizzle,Gerimis ringan,12.7,0.3,100
2025-12-29T12:00,Node_Warkop_Kusuma,30.9,36.5,62,Clouds,Mendung,12.5,0.0,99
2025-12-29T13:00,Node_Warkop_Kusuma,31.0,35.6,60,Clouds,Berawan sebagian,15.5,0.0,78
2025-12-29T14:00,Node_Warkop_Kusuma,30.5,34.3,61,Clouds,Mendung,15.4,0.0,95
2025-12-29T15:00,Node_Warkop_Kusuma,30.0,33.6,63,Drizzle,Gerimis ringan,13.6,0.3,100
2025-12-29T16:00,Node_Warkop_Kusuma,29.1,32.2,65,Drizzle,Gerimis ringan,12.3,0.1,100
2025-12-29T17:00,Node_Warkop_Kusuma,28.3,31.6,69,Clouds,Cerah berawan,11.0,0.0,23
2025-12-29T18:00,Node_Warkop_Kusuma,27.0,30.9,73,Clouds,Cerah berawan,6.4,0.0,37
2025-12-29T19:00,Node_Warkop_Kusuma,26.4,30.0,75,Clouds,Mendung,7.6,0.0,100
2025-12-29T20:00,Node_Warkop_Kusuma,26.0,29.5,77,Clouds,Mendung,7.8,0.0,99
2025-12-29T21:00,Node_Warkop_Kusuma,25.2,29.0,81,Clouds,Mendung,6.9,0.0,100
2025-12-29T22:00,Node_Warkop_Kusuma,24.5,28.4,85,Clouds,Mendung,6.5,0.0,100
2025-12-29T23:00,Node_Warkop_Kusuma,24.4,28.2,86,Clouds,Mendung,6.9,0.0,100
2025-12-30T00:00,Node_Warkop_Kusuma,24.1,27.9,86,Clouds,Mendung,6.4,0.0,100
2025-12-30T01:00,Node_Warkop_Kusuma,24.8,28.5,82,Clouds,Mendung,6.3,0.0,100
2025-12-30T02:00,Node_Warkop_Kusuma,24.3,28.5,85,Clouds,Mendung,4.0,0.0,100
2025-12-30T03:00,Node_Warkop_Kusuma,23.9,27.9,88,Clouds,Mendung,4.9,0.0,100
2025-12-30T04:00,Node_Warkop_Kusuma,23.5,27.7,91,Clouds,Mendung,4.1,0.0,100
2025-12-30T05:00,Node_Warkop_Kusuma,23.0,27.6,94,Clouds,Mendung,3.0,0.0,100
2025-12-30T06:00,Node_Warkop_Kusuma,23.5,28.0,93,Clouds,Mendung,5.0,0.0,100
2025-12-30T07:00,Node_Warkop_Kusuma,25.5,30.5,86,Clouds,Mendung,3.1,0.0,100
2025-12-30T08:00,Node_Warkop_Kusuma,27.6,32.1,75,Clouds,Mendung,6.7,0.0,100
2025-12-30T09:00,Node_Warkop_Kusuma,29.0,33.4,67,Clouds,Mendung,7.2,0.0,100
2025-12-30T10:00,Node_Warkop_Kusuma,30.0,35.6,64,Drizzle,Gerimis ringan,5.9,0.1,85
2025-12-30T11:00,Node_Warkop_Kusuma,30.6,37.1,62,Drizzle,Gerimis ringan,4.7,0.1,91
2025-12-30T12:00,Node_Warkop_Kusuma,31.2,38.1,61,Clouds,Mendung,5.9,0.0,95
2025-12-30T13:00,Node_Warkop_Kusuma,31.4,37.5,60,Drizzle,Gerimis ringan,7.5,0.1,96
2025-12-30T14:00,Node_Warkop_Kusuma,30.8,36.2,63,Drizzle,Gerimis ringan,7.1,0.3,98
2025-12-30T15:00,Node_Warkop_Kusuma,27.9,31.4,75,Rain,Hujan,13.8,2.9,99
2025-12-30T16:00,Node_Warkop_Kusuma,26.9,31.7,81,Drizzle,Gerimis,6.3,0.6,100
2025-12-30T17:00,Node_Warkop_Kusuma,24.2,27.9,91,Rain,Hujan,10.7,4.6,100
2025-12-30T18:00,Node_Warkop_Kusuma,24.0,28.8,96,Drizzle,Gerimis,5.5,0.7,100
2025-12-30T19:00,Node_Warkop_Kusuma,25.2,31.0,93,Drizzle,Gerimis ringan,2.9,0.3,100
2025-12-30T20:00,Node_Warkop_Kusuma,25.0,31.0,97,Drizzle,Gerimis ringan,3.5,0.2,100
2025-12-30T21:00,Node_Warkop_Kusuma,24.9,30.8,97,Drizzle,Gerimis ringan,3.2,0.2,100
2025-12-30T22:00,Node_Warkop_Kusuma,24.6,30.0,97,Drizzle,Gerimis ringan,5.0,0.1,100
2025-12-30T23:00,Node_Warkop_Kusuma,24.3,29.4,94,Clouds,Mendung,4.4,0.0,100
2025-12-31T00:00,Node_Warkop_Kusuma,23.9,28.7,95,Clouds,Mendung,5.0,0.0,100
2025-12-31T01:00,Node_Warkop_Kusuma,24.2,28.9,95,Clouds,Mendung,6.9,0.0,100
2025-12-31T02:00,Node_Warkop_Kusuma,24.1,28.7,94,Clouds,Mendung,7.0,0.0,100
2025-12-31T03:00,Node_Warkop_Kusuma,24.0,28.3,94,Drizzle,Gerimis ringan,7.7,0.2,100
2025-12-31T04:00,Node_Warkop_Kusuma,24.0,28.4,94,Drizzle,Gerimis ringan,6.6,0.1,98
2025-12-31T05:00,Node_Warkop_Kusuma,23.8,28.4,95,Drizzle,Gerimis ringan,5.1,0.1,69
2025-12-31T06:00,Node_Warkop_Kusuma,23.9,29.0,95,Clouds,Mendung,3.2,0.0,90
2025-12-31T07:00,Node_Warkop_Kusuma,24.9,29.7,91,Clouds,Mendung,6.3,0.0,99
2025-12-31T08:00,Node_Warkop_Kusuma,26.0,31.4,86,Clouds,Mendung,2.4,0.0,100
2025-12-31T09:00,Node_Warkop_Kusuma,27.0,32.1,80,Clouds,Mendung,4.1,0.0,100
2025-12-31T10:00,Node_Warkop_Kusuma,26.2,30.7,84,Rain,Hujan,7.9,7.1,100
2025-12-31T11:00,Node_Warkop_Kusuma,26.8,31.4,82,Drizzle,Gerimis,8.7,0.5,100
2025-12-31T12:00,Node_Warkop_Kusuma,26.6,30.8,81,Drizzle,Gerimis ringan,9.1,0.2,100
2025-12-31T13:00,Node_Warkop_Kusuma,27.1,31.4,80,Drizzle,Gerimis ringan,10.1,0.1,100
2025-12-31T14:00,Node_Warkop_Kusuma,26.6,30.6,79,Drizzle,Gerimis ringan,10.1,0.3,100
2025-12-31T15:00,Node_Warkop_Kusuma,27.1,31.5,79,Drizzle,Gerimis ringan,8.3,0.2,100
2025-12-31T16:00,Node_Warkop_Kusuma,26.8,31.6,81,Drizzle,Gerimis ringan,6.1,0.2,100
2025-12-31T17:00,Node_Warkop_Kusuma,26.0,31.2,87,Drizzle,Gerimis ringan,4.9,0.4,100
2025-12-31T18:00,Node_Warkop_Kusuma,25.2,31.0,95,Drizzle,Gerimis,4.1,0.5,100
2025-12-31T19:00,Node_Warkop_Kusuma,24.8,30.5,96,Rain,Hujan,3.0,4.4,100
2025-12-31T20:00,Node_Warkop_Kusuma,24.6,30.8,98,Drizzle,Gerimis ringan,0.9,0.1,100
2025-12-31T21:00,Node_Warkop_Kusuma,24.2,30.1,99,Clouds,Mendung,2.4,0.0,100
2025-12-31T22:00,Node_Warkop_Kusuma,24.1,29.9,99,Clouds,Mendung,1.8,0.0,100
2025-12-31T23:00,Node_Warkop_Kusuma,24.0,29.5,99,Drizzle,Gerimis ringan,4.5,0.2,100
2026-01-01T00:00,Node_Warkop_Kusuma,23.9,29.3,100,Drizzle,Gerimis,3.5,0.7,100
2026-01-01T01:00,Node_Warkop_Kusuma,23.9,29.3,100,Drizzle,Gerimis,4.4,0.7,100
2026-01-01T02:00,Node_Warkop_Kusuma,23.9,29.2,99,Drizzle,Gerimis,4.4,0.5,100
2026-01-01T03:00,Node_Warkop_Kusuma,23.6,28.3,98,Drizzle,Gerimis ringan,6.7,0.1,100
2026-01-01T04:00,Node_Warkop_Kusuma,23.4,27.4,95,Clouds,Mendung,7.9,0.0,100
2026-01-01T05:00,Node_Warkop_Kusuma,23.1,27.4,93,Clouds,Mendung,3.8,0.0,100
2026-01-01T06:00,Node_Warkop_Kusuma,23.5,28.2,91,Clouds,Mendung,2.1,0.0,100
2026-01-01T07:00,Node_Warkop_Kusuma,24.7,29.2,92,Clouds,Mendung,7.9,0.0,100
2026-01-01T08:00,Node_Warkop_Kusuma,26.5,31.1,81,Clouds,Mendung,6.8,0.0,100
2026-01-01T09:00,Node_Warkop_Kusuma,28.4,32.8,73,Clouds,Mendung,8.1,0.0,100
2026-01-01T10:00,Node_Warkop_Kusuma,28.5,32.3,72,Clouds,Mendung,11.2,0.0,100
2026-01-01T11:00,Node_Warkop_Kusuma,29.2,33.0,69,Clouds,Mendung,12.2,0.0,100
2026-01-01T12:00,Node_Warkop_Kusuma,29.6,34.2,67,Drizzle,Gerimis ringan,13.4,0.1,100
2026-01-01T13:00,Node_Warkop_Kusuma,28.8,33.5,74,Drizzle,Gerimis ringan,15.3,0.1,100
2026-01-01T14:00,Node_Warkop_Kusuma,27.6,32.2,80,Rain,Hujan lebat,9.9,7.7,100
2026-01-01T15:00,Node_Warkop_Kusuma,26.4,30.3,85,Rain,Hujan ringan,12.9,1.8,100
2026-01-01T16:00,Node_Warkop_Kusuma,25.1,29.6,92,Rain,Hujan,9.8,4.4,100
2026-01-01T17:00,Node_Warkop_Kusuma,24.6,30.1,95,Rain,Hujan,3.5,4.9,100
2026-01-01T18:00,Node_Warkop_Kusuma,24.2,29.2,95,Rain,Hujan,5.3,3.6,100
2026-01-01T19:00,Node_Warkop_Kusuma,24.3,29.9,96,Rain,Hujan ringan,1.4,2.1,100
2026-01-01T20:00,Node_Warkop_Kusuma,24.5,30.1,93,Rain,Hujan ringan,1.6,2.0,100
2026-01-01T21:00,Node_Warkop_Kusuma,24.0,29.2,97,Rain,Hujan ringan,5.0,2.3,100
2026-01-01T22:00,Node_Warkop_Kusuma,24.0,29.0,96,Rain,Hujan,4.7,5.9,100
2026-01-01T23:00,Node_Warkop_Kusuma,23.6,27.9,96,Rain,Hujan lebat,7.4,8.3,100
2026-01-02T00:00,Node_Warkop_Kusuma,23.4,27.4,96,Rain,Hujan lebat,8.7,13.7,100
2026-01-02T01:00,Node_Warkop_Kusuma,23.1,26.5,95,Rain,Hujan lebat,11.2,9.3,100
2026-01-02T02:00,Node_Warkop_Kusuma,23.0,26.8,96,Rain,Hujan ringan,8.7,1.7,100
2026-01-02T03:00,Node_Warkop_Kusuma,22.9,27.0,97,Rain,Hujan ringan,6.7,1.6,100
2026-01-02T04:00,Node_Warkop_Kusuma,22.7,27.0,99,Drizzle,Gerimis ringan,6.2,0.4,100
2026-01-02T05:00,Node_Warkop_Kusuma,22.6,26.5,98,Rain,Hujan ringan,8.2,1.3,100
2026-01-02T06:00,Node_Warkop_Kusuma,22.5,26.0,95,Drizzle,Gerimis ringan,7.8,0.1,100
2026-01-02T07:00,Node_Warkop_Kusuma,24.5,29.3,88,Clouds,Mendung,3.1,0.0,98
2026-01-02T08:00,Node_Warkop_Kusuma,26.4,31.0,78,Clouds,Mendung,2.6,0.0,98
2026-01-02T09:00,Node_Warkop_Kusuma,27.8,33.3,73,Clouds,Mendung,0.6,0.0,100
2026-01-02T10:00,Node_Warkop_Kusuma,28.8,34.1,68,Clouds,Mendung,3.2,0.0,94
2026-01-02T11:00,Node_Warkop_Kusuma,29.8,35.5,63,Clouds,Mendung,5.3,0.0,81
2026-01-02T12:00,Node_Warkop_Kusuma,30.1,35.1,61,Clouds,Berawan sebagian,6.8,0.0,54
2026-01-02T13:00,Node_Warkop_Kusuma,31.5,36.5,53,Drizzle,Gerimis ringan,5.8,0.1,75
2026-01-02T14:00,Node_Warkop_Kusuma,31.5,35.5,53,Clouds,Cerah berawan,7.0,0.0,39
2026-01-02T15:00,Node_Warkop_Kusuma,30.8,33.7,54,Drizzle,Gerimis ringan,8.0,0.3,73
2026-01-02T16:00,Node_Warkop_Kusuma,30.0,33.1,58,Drizzle,Gerimis ringan,7.5,0.1,97
2026-01-02T17:00,Node_Warkop_Kusuma,28.2,32.0,69,Drizzle,Gerimis ringan,7.6,0.3,100
2026-01-02T18:00,Node_Warkop_Kusuma,26.7,31.8,81,Drizzle,Gerimis ringan,3.4,0.1,97
2026-01-02T19:00,Node_Warkop_Kusuma,25.4,31.0,94,Drizzle,Gerimis ringan,4.3,0.1,100
2026-01-02T20:00,Node_Warkop_Kusuma,25.2,30.8,96,Drizzle,Gerimis,5.5,0.8,100
2026-01-02T21:00,Node_Warkop_Kusuma,25.0,31.1,97,Drizzle,Gerimis ringan,1.3,0.3,100
2026-01-02T22:00,Node_Warkop_Kusuma,24.8,31.0,98,Drizzle,Gerimis ringan,0.6,0.1,100
2026-01-02T23:00,Node_Warkop_Kusuma,24.4,30.3,99,Clouds,Mendung,2.2,0.0,100
2026-01-03T00:00,Node_Warkop_Kusuma,24.1,29.9,99,Clouds,Mendung,1.9,0.0,100
2026-01-03T01:00,Node_Warkop_Kusuma,24.0,29.1,96,Clouds,Mendung,4.0,0.0,100
2026-01-03T02:00,Node_Warkop_Kusuma,23.8,28.9,99,Drizzle,Gerimis,4.5,0.5,100
2026-01-03T03:00,Node_Warkop_Kusuma,23.5,28.2,98,Drizzle,Gerimis ringan,5.8,0.1,95
2026-01-03T04:00,Node_Warkop_Kusuma,23.4,27.8,97,Clouds,Mendung,6.3,0.0,100
2026-01-03T05:00,Node_Warkop_Kusuma,23.1,27.6,97,Clouds,Mendung,5.6,0.0,100
2026-01-03T06:00,Node_Warkop_Kusuma,23.1,27.4,95,Drizzle,Gerimis ringan,5.1,0.1,100
2026-01-03T07:00,Node_Warkop_Kusuma,24.0,28.6,95,Drizzle,Gerimis ringan,7.2,0.1,100
2026-01-03T08:00,Node_Warkop_Kusuma,25.0,29.5,91,Drizzle,Gerimis,8.3,0.8,100
2026-01-03T09:00,Node_Warkop_Kusuma,24.3,28.8,96,Drizzle,Gerimis lebat,8.8,1.1,100
2026-01-03T10:00,Node_Warkop_Kusuma,24.7,28.8,90,Drizzle,Gerimis,9.3,0.6,100
2026-01-03T11:00,Node_Warkop_Kusuma,25.4,29.6,87,Drizzle,Gerimis,8.8,0.5,100
2026-01-03T12:00,Node_Warkop_Kusuma,26.5,30.9,82,Drizzle,Gerimis ringan,7.4,0.2,100
2026-01-03T13:00,Node_Warkop_Kusuma,27.1,31.3,80,Drizzle,Gerimis ringan,10.6,0.2,100
2026-01-03T14:00,Node_Warkop_Kusuma,27.2,30.4,74,Drizzle,Gerimis ringan,12.5,0.2,99
2026-01-03T15:00,Node_Warkop_Kusuma,26.9,30.9,81,Drizzle,Gerimis,11.9,0.5,100
2026-01-03T16:00,Node_Warkop_Kusuma,26.7,31.1,81,Drizzle,Gerimis ringan,8.7,0.1,100
2026-01-03T17:00,Node_Warkop_Kusuma,24.9,29.9,91,Rain,Hujan,4.3,6.4,100
2026-01-03T18:00,Node_Warkop_Kusuma,24.9,30.3,92,Rain,Hujan ringan,2.2,1.5,100
2026-01-03T19:00,Node_Warkop_Kusuma,23.6,28.7,98,Rain,Hujan ringan,3.4,1.3,100
2026-01-03T20:00,Node_Warkop_Kusuma,23.5,28.4,99,Drizzle,Gerimis,5.4,0.7,100
2026-01-03T21:00,Node_Warkop_Kusuma,23.5,28.3,98,Drizzle,Gerimis ringan,5.4,0.3,100
2026-01-03T22:00,Node_Warkop_Kusuma,23.4,28.2,99,Drizzle,Gerimis ringan,5.2,0.2,100
2026-01-03T23:00,Node_Warkop_Kusuma,23.4,28.0,99,Drizzle,Gerimis ringan,6.0,0.3,100
2026-01-04T00:00,Node_Warkop_Kusuma,23.2,27.8,98,Drizzle,Gerimis,6.3,0.5,100
2026-01-04T01:00,Node_Warkop_Kusuma,23.4,28.0,98,Drizzle,Gerimis ringan,6.6,0.4,100
2026-01-04T02:00,Node_Warkop_Kusuma,23.0,27.2,98,Rain,Hujan ringan,8.3,1.9,100
2026-01-04T03:00,Node_Warkop_Kusuma,23.0,27.3,98,Drizzle,Gerimis,6.1,0.6,100
2026-01-04T04:00,Node_Warkop_Kusuma,22.9,27.5,98,Drizzle,Gerimis ringan,4.2,0.3,100
2026-01-04T05:00,Node_Warkop_Kusuma,22.9,27.3,98,Drizzle,Gerimis ringan,5.7,0.1,98
2026-01-04T06:00,Node_Warkop_Kusuma,23.0,27.3,97,Drizzle,Gerimis ringan,5.4,0.1,100
2026-01-04T07:00,Node_Warkop_Kusuma,24.0,29.6,98,Clouds,Mendung,2.1,0.0,100
2026-01-04T08:00,Node_Warkop_Kusuma,25.0,30.5,90,Clouds,Mendung,1.4,0.0,100
2026-01-04T09:00,Node_Warkop_Kusuma,26.5,31.8,82,Clouds,Mendung,1.5,0.0,100
2026-01-04T10:00,Node_Warkop_Kusuma,28.4,34.6,71,Clouds,Mendung,0.4,0.0,100
2026-01-04T11:00,Node_Warkop_Kusuma,29.0,35.0,68,Drizzle,Gerimis ringan,2.7,0.1,100
2026-01-04T12:00,Node_Warkop_Kusuma,29.8,35.9,64,Drizzle,Gerimis ringan,6.7,0.1,100
2026-01-04T13:00,Node_Warkop_Kusuma,30.0,35.4,63,Drizzle,Gerimis ringan,8.1,0.1,100
2026-01-04T14:00,Node_Warkop_Kusuma,30.5,36.1,64,Clouds,Mendung,9.1,0.0,100
2026-01-04T15:00,Node_Warkop_Kusuma,29.6,33.5,66,Drizzle,Gerimis ringan,10.7,0.1,100
2026-01-04T16:00,Node_Warkop_Kusuma,27.3,32.0,79,Rain,Hujan,6.2,7.5,100
2026-01-04T17:00,Node_Warkop_Kusuma,25.0,29.8,93,Drizzle,Gerimis,7.4,0.7,100
2026-01-04T18:00,Node_Warkop_Kusuma,24.4,29.0,96,Drizzle,Gerimis,8.5,0.8,100
2026-01-04T19:00,Node_Warkop_Kusuma,25.4,30.3,90,Drizzle,Gerimis,6.6,0.6,100
2026-01-04T20:00,Node_Warkop_Kusuma,25.0,29.8,93,Drizzle,Gerimis ringan,7.7,0.1,100
2026-01-04T21:00,Node_Warkop_Kusuma,24.5,29.4,95,Clouds,Mendung,7.4,0.0,100
2026-01-04T22:00,Node_Warkop_Kusuma,24.2,29.0,97,Clouds,Mendung,7.9,0.0,100
2026-01-04T23:00,Node_Warkop_Kusuma,24.1,29.2,97,Clouds,Mendung,5.8,0.0,99
2026-01-05T00:00,Node_Warkop_Kusuma,23.8,29.1,99,Clouds,Mendung,2.9,0.0,100
2026-01-05T01:00,Node_Warkop_Kusuma,23.8,28.9,99,Clouds,Mendung,4.7,0.0,100
2026-01-05T02:00,Node_Warkop_Kusuma,23.6,28.6,99,Clouds,Mendung,5.8,0.0,100
2026-01-05T03:00,Node_Warkop_Kusuma,23.6,28.3,98,Clouds,Mendung,6.8,0.0,100
2026-01-05T04:00,Node_Warkop_Kusuma,23.2,27.4,98,Clouds,Mendung,9.4,0.0,100
2026-01-05T05:00,Node_Warkop_Kusuma,23.0,26.7,98,Clouds,Mendung,11.0,0.0,100
2026-01-05T06:00,Node_Warkop_Kusuma,23.3,27.0,96,Clouds,Mendung,10.9,0.0,100
2026-01-05T07:00,Node_Warkop_Kusuma,24.4,29.1,95,Clouds,Mendung,7.1,0.0,99
2026-01-05T08:00,Node_Warkop_Kusuma,25.6,30.5,91,Drizzle,Gerimis ringan,9.0,0.1,100
2026-01-05T09:00,Node_Warkop_Kusuma,27.7,32.2,79,Clouds,Mendung,10.0,0.0,98
2026-01-05T10:00,Node_Warkop_Kusuma,29.1,32.5,66,Clouds,Mendung,13.2,0.0,94
2026-01-05T11:00,Node_Warkop_Kusuma,30.0,33.8,61,Clouds,Mendung,14.9,0.0,88
2026-01-05T12:00,Node_Warkop_Kusuma,30.6,35.0,60,Clouds,Mendung,14.9,0.0,99
2026-01-05T13:00,Node_Warkop_Kusuma,30.1,33.7,60,Clouds,Mendung,14.6,0.0,100
2026-01-05T14:00,Node_Warkop_Kusuma,29.2,31.8,63,Clouds,Mendung,13.9,0.0,100
2026-01-05T15:00,Node_Warkop_Kusuma,28.9,32.0,64,Clouds,Mendung,10.1,0.0,100
2026-01-05T16:00,Node_Warkop_Kusuma,28.2,32.2,68,Clouds,Mendung,6.0,0.0,100
2026-01-05T17:00,Node_Warkop_Kusuma,27.4,32.3,76,Clouds,Mendung,3.3,0.0,100
2026-01-05T18:00,Node_Warkop_Kusuma,26.0,31.6,85,Clouds,Mendung,1.0,0.0,100
2026-01-05T19:00,Node_Warkop_Kusuma,24.8,29.0,86,Clouds,Mendung,5.7,0.0,100
2026-01-05T20:00,Node_Warkop_Kusuma,24.5,29.0,88,Clouds,Mendung,3.9,0.0,100
2026-01-05T21:00,Node_Warkop_Kusuma,24.3,29.1,92,Clouds,Mendung,4.7,0.0,100
2026-01-05T22:00,Node_Warkop_Kusuma,24.0,28.9,96,Clouds,Mendung,6.0,0.0,100
2026-01-05T23:00,Node_Warkop_Kusuma,23.7,28.5,97,Clouds,Mendung,6.1,0.0,99
2026-01-06T00:00,Node_Warkop_Kusuma,23.4,27.9,97,Clouds,Berawan sebagian,6.2,0.0,65
2026-01-06T01:00,Node_Warkop_Kusuma,23.7,28.4,96,Clouds,Mendung,5.6,0.0,100
2026-01-06T02:00,Node_Warkop_Kusuma,23.8,28.4,96,Clouds,Mendung,6.1,0.0,100
2026-01-06T03:00,Node_Warkop_Kusuma,23.8,27.5,95,Clouds,Mendung,11.4,0.0,100
2026-01-06T04:00,Node_Warkop_Kusuma,23.9,27.8,94,Clouds,Mendung,10.5,0.0,100
2026-01-06T05:00,Node_Warkop_Kusuma,23.8,28.0,95,Clouds,Mendung,8.1,0.0,100
2026-01-06T06:00,Node_Warkop_Kusuma,23.8,28.0,95,Clouds,Mendung,8.6,0.0,95
2026-01-06T07:00,Node_Warkop_Kusuma,25.3,29.9,87,Clouds,Mendung,5.7,0.0,100
2026-01-06T08:00,Node_Warkop_Kusuma,27.1,31.5,78,Clouds,Mendung,7.6,0.0,89
2026-01-06T09:00,Node_Warkop_Kusuma,28.4,32.3,70,Clouds,Mendung,8.6,0.0,100
2026-01-06T10:00,Node_Warkop_Kusuma,29.6,34.3,64,Clouds,Mendung,7.1,0.0,100
2026-01-06T11:00,Node_Warkop_Kusuma,31.0,36.3,57,Clouds,Mendung,7.9,0.0,95
2026-01-06T12:00,Node_Warkop_Kusuma,31.5,37.0,54,Clouds,Mendung,9.2,0.0,91
2026-01-06T13:00,Node_Warkop_Kusuma,32.0,36.3,51,Clouds,Mendung,13.7,0.0,99
2026-01-06T14:00,Node_Warkop_Kusuma,32.0,35.5,50,Clouds,Mendung,14.2,0.0,98
2026-01-06T15:00,Node_Warkop_Kusuma,31.5,34.0,51,Clouds,Mendung,14.0,0.0,88
2026-01-06T16:00,Node_Warkop_Kusuma,30.5,32.3,54,Clouds,Cerah berawan,14.5,0.0,45
2026-01-06T17:00,Node_Warkop_Kusuma,28.9,31.4,63,Clouds,Mendung,13.0,0.0,100
2026-01-06T18:00,Node_Warkop_Kusuma,27.1,29.8,69,Clouds,Mendung,11.4,0.0,98
2026-01-06T19:00,Node_Warkop_Kusuma,26.5,29.7,74,Clouds,Mendung,9.9,0.0,100
2026-01-06T20:00,Node_Warkop_Kusuma,25.9,29.9,79,Clouds,Mendung,6.0,0.0,100
2026-01-06T21:00,Node_Warkop_Kusuma,25.1,29.6,86,Clouds,Mendung,4.9,0.0,100
2026-01-06T22:00,Node_Warkop_Kusuma,24.6,29.1,90,Clouds,Mendung,5.9,0.0,100
2026-01-06T23:00,Node_Warkop_Kusuma,24.4,28.7,92,Clouds,Mendung,7.9,0.0,100
2026-01-07T00:00,Node_Warkop_Kusuma,24.1,28.6,94,Clouds,Mendung,7.2,0.0,98
2026-01-07T01:00,Node_Warkop_Kusuma,24.8,29.4,92,Clouds,Mendung,7.3,0.0,100
2026-01-07T02:00,Node_Warkop_Kusuma,25.0,28.8,88,Clouds,Mendung,11.4,0.0,100
2026-01-07T03:00,Node_Warkop_Kusuma,24.6,27.5,85,Drizzle,Gerimis ringan,13.6,0.1,100
2026-01-07T04:00,Node_Warkop_Kusuma,24.0,26.6,89,Drizzle,Gerimis ringan,15.2,0.1,100
2026-01-07T05:00,Node_Warkop_Kusuma,23.5,26.7,92,Drizzle,Gerimis ringan,11.4,0.1,100
2026-01-07T06:00,Node_Warkop_Kusuma,23.5,26.8,92,Clouds,Mendung,11.9,0.0,100
2026-01-07T07:00,Node_Warkop_Kusuma,25.8,30.5,88,Clouds,Mendung,8.0,0.0,100
2026-01-07T08:00,Node_Warkop_Kusuma,27.5,31.4,76,Clouds,Mendung,9.8,0.0,100
2026-01-07T09:00,Node_Warkop_Kusuma,28.6,32.1,69,Clouds,Mendung,12.1,0.0,100
2026-01-07T10:00,Node_Warkop_Kusuma,29.6,33.7,65,Clouds,Mendung,13.8,0.0,100
2026-01-07T11:00,Node_Warkop_Kusuma,30.3,35.1,63,Clouds,Mendung,14.8,0.0,99
2026-01-07T12:00,Node_Warkop_Kusuma,30.8,35.6,61,Clouds,Mendung,14.8,0.0,100
2026-01-07T13:00,Node_Warkop_Kusuma,31.1,34.0,54,Clouds,Mendung,16.2,0.0,100
2026-01-07T14:00,Node_Warkop_Kusuma,30.6,33.2,57,Clouds,Mendung,15.4,0.0,100
2026-01-07T15:00,Node_Warkop_Kusuma,30.4,32.7,56,Clouds,Mendung,15.2,0.0,100
2026-01-07T16:00,Node_Warkop_Kusuma,29.5,31.5,59,Clouds,Mendung,14.0,0.0,100
2026-01-07T17:00,Node_Warkop_Kusuma,28.5,31.5,65,Clouds,Mendung,10.8,0.0,100
2026-01-07T18:00,Node_Warkop_Kusuma,27.2,30.6,72,Clouds,Mendung,8.9,0.0,100
2026-01-07T19:00,Node_Warkop_Kusuma,26.8,29.3,70,Clouds,Mendung,12.4,0.0,100
2026-01-07T20:00,Node_Warkop_Kusuma,26.4,29.3,73,Clouds,Mendung,10.4,0.0,100
2026-01-07T21:00,Node_Warkop_Kusuma,25.6,29.2,78,Clouds,Mendung,7.6,0.0,100
2026-01-07T22:00,Node_Warkop_Kusuma,25.0,28.8,83,Clouds,Mendung,7.2,0.0,100
2026-01-07T23:00,Node_Warkop_Kusuma,24.6,28.3,85,Clouds,Mendung,8.6,0.0,100
2026-01-08T00:00,Node_Warkop_Kusuma,24.5,28.0,87,Clouds,Mendung,10.1,0.0,99
2026-01-08T01:00,Node_Warkop_Kusuma,24.5,28.5,88,Clouds,Mendung,8.5,0.0,100
2026-01-08T02:00,Node_Warkop_Kusuma,24.7,28.3,87,Clouds,Mendung,10.3,0.0,100
2026-01-08T03:00,Node_Warkop_Kusuma,24.6,28.3,86,Clouds,Mendung,9.4,0.0,100
2026-01-08T04:00,Node_Warkop_Kusuma,24.5,28.3,85,Clouds,Mendung,6.6,0.0,82
2026-01-08T05:00,Node_Warkop_Kusuma,24.0,27.9,88,Clouds,Mendung,6.5,0.0,99
2026-01-08T06:00,Node_Warkop_Kusuma,24.0,27.7,89,Clouds,Cerah berawan,8.9,0.0,34
2026-01-08T07:00,Node_Warkop_Kusuma,26.1,29.7,81,Clouds,Mendung,11.5,0.0,87
2026-01-08T08:00,Node_Warkop_Kusuma,27.5,30.3,74,Clouds,Mendung,15.7,0.0,86
2026-01-08T09:00,Node_Warkop_Kusuma,28.6,31.5,69,Clouds,Mendung,17.0,0.0,96
2026-01-08T10:00,Node_Warkop_Kusuma,29.2,32.8,67,Clouds,Mendung,17.5,0.0,99
2026-01-08T11:00,Node_Warkop_Kusuma,29.5,34.0,68,Drizzle,Gerimis ringan,15.6,0.1,100
2026-01-08T12:00,Node_Warkop_Kusuma,29.5,33.6,67,Drizzle,Gerimis,18.2,0.7,100
2026-01-08T13:00,Node_Warkop_Kusuma,29.4,33.0,66,Drizzle,Gerimis,18.6,0.7,92
2026-01-08T14:00,Node_Warkop_Kusuma,29.4,33.3,68,Drizzle,Gerimis,16.2,0.8,63
2026-01-08T15:00,Node_Warkop_Kusuma,28.6,32.1,71,Rain,Hujan ringan,13.9,1.6,55
2026-01-08T16:00,Node_Warkop_Kusuma,27.9,32.0,77,Rain,Hujan,11.6,2.7,60
2026-01-08T17:00,Node_Warkop_Kusuma,26.2,30.7,84,Rain,Hujan ringan,8.1,1.7,92
2026-01-08T18:00,Node_Warkop_Kusuma,25.0,29.6,91,Drizzle,Gerimis ringan,7.8,0.4,82
2026-01-08T19:00,Node_Warkop_Kusuma,24.7,29.8,96,Drizzle,Gerimis ringan,6.7,0.2,100
2026-01-08T20:00,Node_Warkop_Kusuma,24.6,29.9,98,Clouds,Mendung,7.0,0.0,100
2026-01-08T21:00,Node_Warkop_Kusuma,24.4,29.9,99,Clouds,Mendung,5.2,0.0,100
2026-01-08T22:00,Node_Warkop_Kusuma,24.2,29.5,99,Clouds,Mendung,5.4,0.0,100
2026-01-08T23:00,Node_Warkop_Kusuma,24.1,29.2,96,Clouds,Mendung,4.7,0.0,100
2026-01-09T00:00,Node_Warkop_Kusuma,23.8,29.1,99,Clouds,Mendung,3.2,0.0,100
2026-01-09T01:00,Node_Warkop_Kusuma,24.1,29.0,99,Clouds,Mendung,7.7,0.0,100
2026-01-09T02:00,Node_Warkop_Kusuma,24.1,29.1,97,Clouds,Mendung,6.2,0.0,100
2026-01-09T03:00,Node_Warkop_Kusuma,24.0,28.8,97,Clouds,Mendung,6.9,0.0,100
2026-01-09T04:00,Node_Warkop_Kusuma,23.0,26.2,96,Drizzle,Gerimis ringan,13.5,0.1,99
2026-01-09T05:00,Node_Warkop_Kusuma,22.2,25.1,95,Drizzle,Gerimis ringan,11.5,0.3,54
2026-01-09T06:00,Node_Warkop_Kusuma,22.3,25.4,95,Drizzle,Gerimis ringan,10.7,0.1,84
2026-01-09T07:00,Node_Warkop_Kusuma,24.0,27.2,89,Clouds,Mendung,12.6,0.0,88
2026-01-09T08:00,Node_Warkop_Kusuma,25.0,28.3,86,Drizzle,Gerimis ringan,13.4,0.1,51
2026-01-09T09:00,Node_Warkop_Kusuma,27.6,30.3,73,Clouds,Mendung,18.6,0.0,98
2026-01-09T10:00,Node_Warkop_Kusuma,29.2,33.0,71,Clouds,Mendung,17.9,0.0,98
2026-01-09T11:00,Node_Warkop_Kusuma,29.2,33.7,70,Rain,Hujan ringan,18.6,1.4,99
2026-01-09T12:00,Node_Warkop_Kusuma,29.5,34.0,72,Rain,Hujan,18.8,3.9,100
2026-01-09T13:00,Node_Warkop_Kusuma,29.1,34.3,75,Drizzle,Gerimis ringan,14.6,0.1,100
2026-01-09T14:00,Node_Warkop_Kusuma,26.8,30.8,82,Rain,Hujan,14.7,6.7,100
2026-01-09T15:00,Node_Warkop_Kusuma,25.8,28.3,83,Rain,Hujan,18.9,4.2,100
2026-01-09T16:00,Node_Warkop_Kusuma,25.1,27.9,87,Drizzle,Gerimis ringan,17.7,0.1,100
2026-01-09T17:00,Node_Warkop_Kusuma,25.1,28.7,87,Drizzle,Gerimis ringan,12.9,0.3,100
2026-01-09T18:00,Node_Warkop_Kusuma,24.2,27.7,90,Drizzle,Gerimis ringan,11.7,0.1,100
2026-01-09T19:00,Node_Warkop_Kusuma,24.4,27.8,90,Drizzle,Gerimis,12.3,0.7,100
2026-01-09T20:00,Node_Warkop_Kusuma,24.2,28.7,90,Drizzle,Gerimis ringan,5.0,0.1,100
2026-01-09T21:00,Node_Warkop_Kusuma,24.1,29.4,93,Drizzle,Gerimis,1.2,0.5,100
2026-01-09T22:00,Node_Warkop_Kusuma,23.8,28.9,95,Drizzle,Gerimis ringan,2.5,0.1,100
2026-01-09T23:00,Node_Warkop_Kusuma,23.6,28.6,98,Drizzle,Gerimis ringan,5.1,0.3,100
2026-01-10T00:00,Node_Warkop_Kusuma,23.4,28.0,96,Drizzle,Gerimis ringan,5.0,0.3,82
2026-01-10T01:00,Node_Warkop_Kusuma,23.3,28.0,97,Drizzle,Gerimis ringan,5.1,0.2,100
2026-01-10T02:00,Node_Warkop_Kusuma,23.2,27.7,97,Drizzle,Gerimis ringan,6.3,0.1,100
2026-01-10T03:00,Node_Warkop_Kusuma,22.9,26.9,97,Clouds,Mendung,7.4,0.0,100
2026-01-10T04:00,Node_Warkop_Kusuma,22.5,26.0,98,Drizzle,Gerimis ringan,10.1,0.1,100
2026-01-10T05:00,Node_Warkop_Kusuma,22.2,25.5,100,Drizzle,Gerimis ringan,12.5,0.1,100
2026-01-10T06:00,Node_Warkop_Kusuma,22.1,25.1,97,Drizzle,Gerimis ringan,11.6,0.1,100
2026-01-10T07:00,Node_Warkop_Kusuma,23.9,27.9,95,Drizzle,Gerimis ringan,10.0,0.3,100
2026-01-10T08:00,Node_Warkop_Kusuma,25.0,28.8,90,Clouds,Mendung,12.2,0.0,100
2026-01-10T09:00,Node_Warkop_Kusuma,26.6,31.5,85,Clouds,Mendung,8.1,0.0,100
2026-01-10T10:00,Node_Warkop_Kusuma,27.9,31.6,75,Drizzle,Gerimis ringan,11.8,0.1,100
2026-01-10T11:00,Node_Warkop_Kusuma,25.9,29.4,79,Rain,Hujan ringan,9.7,2.3,100
2026-01-10T12:00,Node_Warkop_Kusuma,25.8,30.7,84,Rain,Hujan ringan,3.8,1.6,100
2026-01-10T13:00,Node_Warkop_Kusuma,25.1,29.6,86,Drizzle,Gerimis,6.1,0.5,100
2026-01-10T14:00,Node_Warkop_Kusuma,26.2,28.9,77,Drizzle,Gerimis lebat,19.4,1.2,100
2026-01-10T15:00,Node_Warkop_Kusuma,23.5,27.2,93,Rain,Hujan,8.8,4.1,100
2026-01-10T16:00,Node_Warkop_Kusuma,24.2,27.9,91,Drizzle,Gerimis ringan,11.8,0.4,100
2026-01-10T17:00,Node_Warkop_Kusuma,24.3,27.5,91,Drizzle,Gerimis ringan,14.3,0.4,100
2026-01-10T18:00,Node_Warkop_Kusuma,23.6,26.8,92,Drizzle,Gerimis ringan,13.4,0.2,100
2026-01-10T19:00,Node_Warkop_Kusuma,24.0,28.4,94,Drizzle,Gerimis ringan,7.3,0.2,100
2026-01-10T20:00,Node_Warkop_Kusuma,23.6,28.2,96,Drizzle,Gerimis,7.0,0.6,100
2026-01-10T21:00,Node_Warkop_Kusuma,23.5,28.2,98,Drizzle,Gerimis ringan,5.7,0.3,100
2026-01-10T22:00,Node_Warkop_Kusuma,23.2,28.1,99,Drizzle,Gerimis ringan,4.6,0.4,100
2026-01-10T23:00,Node_Warkop_Kusuma,23.0,27.7,99,Drizzle,Gerimis ringan,4.6,0.3,100
2026-01-11T00:00,Node_Warkop_Kusuma,22.8,27.8,99,Drizzle,Gerimis,2.3,0.5,100
2026-01-11T01:00,Node_Warkop_Kusuma,22.8,27.7,100,Clouds,Mendung,2.9,0.0,100
2026-01-11T02:00,Node_Warkop_Kusuma,22.6,27.5,100,Clouds,Mendung,2.3,0.0,100
2026-01-11T03:00,Node_Warkop_Kusuma,22.5,27.4,100,Clouds,Mendung,2.4,0.0,100
2026-01-11T04:00,Node_Warkop_Kusuma,22.2,26.5,100,Clouds,Mendung,5.1,0.0,100
2026-01-11T05:00,Node_Warkop_Kusuma,22.1,26.4,100,Clouds,Mendung,5.1,0.0,100
2026-01-11T06:00,Node_Warkop_Kusuma,22.3,26.4,99,Clouds,Mendung,6.7,0.0,92
2026-01-11T07:00,Node_Warkop_Kusuma,24.0,27.9,92,Clouds,Mendung,9.2,0.0,99
2026-01-11T08:00,Node_Warkop_Kusuma,25.6,29.5,85,Clouds,Mendung,10.4,0.0,97
2026-01-11T09:00,Node_Warkop_Kusuma,27.0,30.8,78,Drizzle,Gerimis ringan,10.2,0.1,100
2026-01-11T10:00,Node_Warkop_Kusuma,25.4,28.7,84,Rain,Hujan lebat,13.2,10.9,100
2026-01-11T11:00,Node_Warkop_Kusuma,27.0,31.0,77,Drizzle,Gerimis ringan,9.5,0.2,68
2026-01-11T12:00,Node_Warkop_Kusuma,29.2,34.3,68,Drizzle,Gerimis ringan,13.5,0.2,100
2026-01-11T13:00,Node_Warkop_Kusuma,29.5,31.6,65,Rain,Hujan lebat,20.8,8.8,95
2026-01-11T14:00,Node_Warkop_Kusuma,29.5,31.8,60,Clouds,Mendung,20.5,0.0,100
2026-01-11T15:00,Node_Warkop_Kusuma,26.0,29.9,78,Drizzle,Gerimis ringan,6.1,0.4,100
2026-01-11T16:00,Node_Warkop_Kusuma,25.0,29.4,85,Drizzle,Gerimis ringan,4.9,0.4,100
2026-01-11T17:00,Node_Warkop_Kusuma,24.9,29.7,89,Drizzle,Gerimis ringan,4.7,0.4,100
2026-01-11T18:00,Node_Warkop_Kusuma,24.2,29.8,93,Drizzle,Gerimis ringan,0.2,0.2,100
2026-01-11T19:00,Node_Warkop_Kusuma,23.9,29.7,99,Drizzle,Gerimis ringan,0.9,0.1,100
2026-01-11T20:00,Node_Warkop_Kusuma,23.6,29.1,99,Drizzle,Gerimis ringan,2.1,0.2,100
2026-01-11T21:00,Node_Warkop_Kusuma,23.4,28.9,100,Drizzle,Gerimis ringan,1.1,0.3,100
2026-01-11T22:00,Node_Warkop_Kusuma,23.2,28.7,100,Drizzle,Gerimis ringan,0.9,0.2,100
2026-01-11T23:00,Node_Warkop_Kusuma,23.0,27.8,100,Drizzle,Gerimis ringan,4.2,0.4,100
2026-01-12T00:00,Node_Warkop_Kusuma,22.8,27.2,100,Drizzle,Gerimis ringan,6.4,0.3,100
2026-01-12T01:00,Node_Warkop_Kusuma,22.6,27.1,100,Drizzle,Gerimis ringan,6.0,0.2,100
2026-01-12T02:00,Node_Warkop_Kusuma,22.9,28.0,99,Drizzle,Gerimis ringan,2.1,0.1,99
2026-01-12T03:00,Node_Warkop_Kusuma,22.8,27.8,99,Clouds,Mendung,2.4,0.0,100
2026-01-12T04:00,Node_Warkop_Kusuma,22.5,26.9,98,Clouds,Mendung,4.5,0.0,99
2026-01-12T05:00,Node_Warkop_Kusuma,22.2,26.5,98,Clouds,Mendung,4.4,0.0,95
2026-01-12T06:00,Node_Warkop_Kusuma,22.5,26.4,96,Clouds,Mendung,6.5,0.0,100
2026-01-12T07:00,Node_Warkop_Kusuma,23.5,27.4,92,Clouds,Mendung,8.1,0.0,100
2026-01-12T08:00,Node_Warkop_Kusuma,24.1,27.5,89,Drizzle,Gerimis,11.8,0.5,95
2026-01-12T09:00,Node_Warkop_Kusuma,25.5,29.0,84,Clouds,Mendung,11.2,0.0,97
2026-01-12T10:00,Node_Warkop_Kusuma,26.8,30.9,78,Clouds,Mendung,7.4,0.0,99
2026-01-12T11:00,Node_Warkop_Kusuma,27.1,31.4,76,Drizzle,Gerimis ringan,6.5,0.1,97
2026-01-12T12:00,Node_Warkop_Kusuma,27.2,32.0,75,Drizzle,Gerimis ringan,3.2,0.1,100
2026-01-12T13:00,Node_Warkop_Kusuma,28.9,32.7,67,Drizzle,Gerimis ringan,7.4,0.1,98
2026-01-12T14:00,Node_Warkop_Kusuma,28.2,31.1,66,Drizzle,Gerimis ringan,10.7,0.3,100
2026-01-12T15:00,Node_Warkop_Kusuma,26.4,30.6,77,Drizzle,Gerimis,4.5,0.5,99
2026-01-12T16:00,Node_Warkop_Kusuma,25.1,29.7,86,Drizzle,Gerimis ringan,5.1,0.2,100
2026-01-12T17:00,Node_Warkop_Kusuma,24.5,29.4,86,Drizzle,Gerimis ringan,0.5,0.3,97
2026-01-12T18:00,Node_Warkop_Kusuma,24.0,28.6,90,Drizzle,Gerimis ringan,4.1,0.2,99
2026-01-12T19:00,Node_Warkop_Kusuma,23.9,26.1,88,Drizzle,Gerimis ringan,18.1,0.1,100
2026-01-12T20:00,Node_Warkop_Kusuma,23.7,25.8,89,Drizzle,Gerimis ringan,18.1,0.1,100
2026-01-12T21:00,Node_Warkop_Kusuma,23.3,26.2,91,Drizzle,Gerimis ringan,13.4,0.1,100
2026-01-12T22:00,Node_Warkop_Kusuma,23.0,26.4,92,Drizzle,Gerimis ringan,9.3,0.1,100
2026-01-12T23:00,Node_Warkop_Kusuma,22.9,26.7,93,Clouds,Mendung,6.2,0.0,100
2026-01-13T00:00,Node_Warkop_Kusuma,22.4,26.7,96,Clouds,Mendung,2.5,0.0,100
2026-01-13T01:00,Node_Warkop_Kusuma,23.1,27.0,90,Clouds,Mendung,5.2,0.0,100
2026-01-13T02:00,Node_Warkop_Kusuma,22.9,27.2,94,Clouds,Mendung,3.8,0.0,100
2026-01-13T03:00,Node_Warkop_Kusuma,22.2,26.7,98,Clouds,Mendung,3.4,0.0,98
2026-01-13T04:00,Node_Warkop_Kusuma,21.8,26.0,100,Clouds,Mendung,4.0,0.0,80
2026-01-13T05:00,Node_Warkop_Kusuma,21.6,25.5,99,Clouds,Cerah berawan,5.4,0.0,34
2026-01-13T06:00,Node_Warkop_Kusuma,22.2,26.0,96,Clouds,Mendung,6.1,0.0,95
2026-01-13T07:00,Node_Warkop_Kusuma,23.9,28.6,93,Clouds,Mendung,4.5,0.0,100
2026-01-13T08:00,Node_Warkop_Kusuma,25.9,30.5,82,Clouds,Mendung,3.6,0.0,98
2026-01-13T09:00,Node_Warkop_Kusuma,27.5,32.0,73,Clouds,Mendung,4.0,0.0,100
2026-01-13T10:00,Node_Warkop_Kusuma,28.6,32.5,66,Clouds,Mendung,8.8,0.0,100
2026-01-13T11:00,Node_Warkop_Kusuma,29.8,34.7,62,Drizzle,Gerimis ringan,10.8,0.1,100
2026-01-13T12:00,Node_Warkop_Kusuma,29.9,35.8,66,Drizzle,Gerimis ringan,8.1,0.1,100
2026-01-13T13:00,Node_Warkop_Kusuma,28.2,32.2,69,Rain,Hujan ringan,11.0,2.3,100
2026-01-13T14:00,Node_Warkop_Kusuma,28.8,32.5,68,Drizzle,Gerimis ringan,8.3,0.1,100
2026-01-13T15:00,Node_Warkop_Kusuma,27.7,31.8,73,Drizzle,Gerimis ringan,6.7,0.1,91
2026-01-13T16:00,Node_Warkop_Kusuma,27.5,32.0,76,Drizzle,Gerimis ringan,5.5,0.2,98
2026-01-13T17:00,Node_Warkop_Kusuma,25.9,30.3,83,Drizzle,Gerimis ringan,6.1,0.3,100
2026-01-13T18:00,Node_Warkop_Kusuma,25.2,29.5,87,Drizzle,Gerimis ringan,7.5,0.1,100
2026-01-13T19:00,Node_Warkop_Kusuma,23.9,26.3,91,Drizzle,Gerimis ringan,17.8,0.1,100
2026-01-13T20:00,Node_Warkop_Kusuma,23.8,26.3,90,Clouds,Mendung,16.8,0.0,100
2026-01-13T21:00,Node_Warkop_Kusuma,23.8,26.4,89,Clouds,Mendung,15.3,0.0,100
2026-01-13T22:00,Node_Warkop_Kusuma,23.4,26.7,91,Clouds,Mendung,10.1,0.0,100
2026-01-13T23:00,Node_Warkop_Kusuma,23.1,27.3,93,Clouds,Mendung,4.6,0.0,100
2026-01-14T00:00,Node_Warkop_Kusuma,22.8,27.4,95,Clouds,Mendung,2.6,0.0,100
2026-01-14T01:00,Node_Warkop_Kusuma,23.0,27.5,96,Clouds,Mendung,3.9,0.0,100
2026-01-14T02:00,Node_Warkop_Kusuma,22.8,27.4,98,Drizzle,Gerimis ringan,3.5,0.2,98
2026-01-14T03:00,Node_Warkop_Kusuma,22.7,27.4,98,Drizzle,Gerimis ringan,3.4,0.1,100
2026-01-14T04:00,Node_Warkop_Kusuma,22.4,27.3,99,Clouds,Mendung,1.7,0.0,100
2026-01-14T05:00,Node_Warkop_Kusuma,22.3,27.1,100,Clouds,Mendung,1.9,0.0,100
2026-01-14T06:00,Node_Warkop_Kusuma,22.5,27.0,99,Drizzle,Gerimis ringan,3.6,0.1,100
2026-01-14T07:00,Node_Warkop_Kusuma,23.4,28.2,95,Drizzle,Gerimis ringan,2.6,0.1,100
2026-01-14T08:00,Node_Warkop_Kusuma,25.3,30.0,85,Drizzle,Gerimis ringan,3.8,0.1,100
2026-01-14T09:00,Node_Warkop_Kusuma,26.2,30.6,80,Drizzle,Gerimis ringan,6.1,0.2,100
2026-01-14T10:00,Node_Warkop_Kusuma,27.5,32.3,77,Drizzle,Gerimis ringan,7.5,0.1,99
2026-01-14T11:00,Node_Warkop_Kusuma,28.5,34.3,74,Drizzle,Gerimis ringan,9.4,0.2,94
2026-01-14T12:00,Node_Warkop_Kusuma,28.4,31.8,72,Drizzle,Gerimis ringan,13.4,0.2,100
2026-01-14T13:00,Node_Warkop_Kusuma,29.2,30.8,60,Rain,Hujan,18.7,3.5,99
2026-01-14T14:00,Node_Warkop_Kusuma,28.2,32.0,71,Drizzle,Gerimis,9.8,0.8,98
2026-01-14T15:00,Node_Warkop_Kusuma,27.2,31.8,76,Drizzle,Gerimis ringan,4.9,0.2,100
2026-01-14T16:00,Node_Warkop_Kusuma,25.8,30.2,83,Drizzle,Gerimis ringan,6.0,0.2,100
2026-01-14T17:00,Node_Warkop_Kusuma,25.1,27.1,82,Drizzle,Gerimis,19.6,0.9,100
2026-01-14T18:00,Node_Warkop_Kusuma,24.0,26.8,90,Drizzle,Gerimis ringan,16.2,0.1,100
2026-01-14T19:00,Node_Warkop_Kusuma,23.2,25.3,92,Drizzle,Gerimis ringan,18.6,0.1,100
2026-01-14T20:00,Node_Warkop_Kusuma,23.5,26.2,93,Drizzle,Gerimis ringan,17.1,0.2,100
2026-01-14T21:00,Node_Warkop_Kusuma,23.3,25.8,94,Drizzle,Gerimis ringan,17.9,0.4,100
2026-01-14T22:00,Node_Warkop_Kusuma,23.0,25.5,93,Drizzle,Gerimis ringan,16.3,0.3,100
2026-01-14T23:00,Node_Warkop_Kusuma,22.8,25.8,96,Drizzle,Gerimis,13.0,0.5,100
2026-01-15T00:00,Node_Warkop_Kusuma,22.9,26.5,95,Drizzle,Gerimis ringan,8.6,0.2,100
2026-01-15T01:00,Node_Warkop_Kusuma,22.7,27.2,98,Drizzle,Gerimis ringan,4.5,0.3,100
2026-01-15T02:00,Node_Warkop_Kusuma,22.7,27.6,98,Drizzle,Gerimis ringan,2.0,0.2,100
2026-01-15T03:00,Node_Warkop_Kusuma,22.5,27.4,99,Drizzle,Gerimis ringan,1.8,0.1,100
2026-01-15T04:00,Node_Warkop_Kusuma,22.2,26.9,100,Clouds,Mendung,2.8,0.0,100
2026-01-15T05:00,Node_Warkop_Kusuma,22.0,26.4,100,Clouds,Mendung,4.2,0.0,100
2026-01-15T06:00,Node_Warkop_Kusuma,22.2,26.9,99,Clouds,Mendung,1.8,0.0,100
2026-01-15T07:00,Node_Warkop_Kusuma,23.3,27.9,95,Clouds,Mendung,4.0,0.0,100
2026-01-15T08:00,Node_Warkop_Kusuma,25.0,29.5,87,Drizzle,Gerimis ringan,5.4,0.1,100
2026-01-15T09:00,Node_Warkop_Kusuma,26.5,30.3,80,Clouds,Mendung,11.6,0.0,100
2026-01-15T10:00,Node_Warkop_Kusuma,28.0,31.7,73,Clouds,Mendung,11.9,0.0,100
2026-01-15T11:00,Node_Warkop_Kusuma,28.2,31.5,69,Drizzle,Gerimis ringan,17.9,0.4,100
2026-01-15T12:00,Node_Warkop_Kusuma,26.5,30.4,81,Rain,Hujan ringan,10.7,1.6,100
2026-01-15T13:00,Node_Warkop_Kusuma,26.0,29.2,79,Drizzle,Gerimis ringan,11.8,0.1,100
2026-01-15T14:00,Node_Warkop_Kusuma,25.5,29.8,83,Drizzle,Gerimis,5.9,0.6,100
2026-01-15T15:00,Node_Warkop_Kusuma,25.9,30.8,81,Drizzle,Gerimis ringan,1.3,0.2,100
2026-01-15T16:00,Node_Warkop_Kusuma,26.0,30.6,83,Drizzle,Gerimis ringan,6.0,0.2,100
2026-01-15T17:00,Node_Warkop_Kusuma,25.5,29.9,86,Drizzle,Gerimis ringan,7.8,0.2,100
2026-01-15T18:00,Node_Warkop_Kusuma,24.5,29.1,93,Drizzle,Gerimis ringan,6.5,0.4,100
2026-01-15T19:00,Node_Warkop_Kusuma,24.0,29.5,96,Drizzle,Gerimis ringan,1.0,0.4,100
2026-01-15T20:00,Node_Warkop_Kusuma,23.5,29.0,98,Clouds,Mendung,0.4,0.0,100
2026-01-15T21:00,Node_Warkop_Kusuma,23.0,27.8,95,Drizzle,Gerimis ringan,1.3,0.4,100
2026-01-15T22:00,Node_Warkop_Kusuma,22.8,27.7,97,Clouds,Mendung,0.8,0.0,100
2026-01-15T23:00,Node_Warkop_Kusuma,22.6,27.6,99,Clouds,Mendung,1.3,0.0,100
2026-01-16T00:00,Node_Warkop_Kusuma,22.6,27.6,99,Clouds,Mendung,1.0,0.0,100
2026-01-16T01:00,Node_Warkop_Kusuma,22.7,27.4,100,Drizzle,Gerimis ringan,4.0,0.1,98
2026-01-16T02:00,Node_Warkop_Kusuma,22.5,27.2,100,Drizzle,Gerimis ringan,3.8,0.1,100
2026-01-16T03:00,Node_Warkop_Kusuma,22.4,27.0,100,Clouds,Mendung,3.3,0.0,100
2026-01-16T04:00,Node_Warkop_Kusuma,22.3,27.1,100,Clouds,Mendung,1.7,0.0,100
2026-01-16T05:00,Node_Warkop_Kusuma,22.3,27.1,100,Clouds,Mendung,2.3,0.0,100
2026-01-16T06:00,Node_Warkop_Kusuma,22.3,26.9,100,Drizzle,Gerimis ringan,3.1,0.1,100
2026-01-16T07:00,Node_Warkop_Kusuma,24.2,29.6,97,Drizzle,Gerimis ringan,3.4,0.1,81
2026-01-16T08:00,Node_Warkop_Kusuma,26.0,31.8,88,Drizzle,Gerimis ringan,1.5,0.1,69
2026-01-16T09:00,Node_Warkop_Kusuma,27.8,33.5,79,Drizzle,Gerimis ringan,2.4,0.1,99
2026-01-16T10:00,Node_Warkop_Kusuma,28.9,35.0,73,Drizzle,Gerimis ringan,5.4,0.1,100
2026-01-16T11:00,Node_Warkop_Kusuma,28.7,33.6,70,Rain,Hujan,10.6,2.5,99
2026-01-16T12:00,Node_Warkop_Kusuma,28.1,32.4,72,Rain,Hujan ringan,7.7,1.6,98
2026-01-16T13:00,Node_Warkop_Kusuma,30.0,34.9,66,Drizzle,Gerimis,8.7,0.6,98
2026-01-16T14:00,Node_Warkop_Kusuma,27.5,32.2,78,Drizzle,Gerimis ringan,6.4,0.4,100
2026-01-16T15:00,Node_Warkop_Kusuma,23.9,28.2,92,Rain,Hujan lebat,6.0,13.8,99
2026-01-16T16:00,Node_Warkop_Kusuma,24.0,28.4,93,Clouds,Mendung,5.8,0.0,100
2026-01-16T17:00,Node_Warkop_Kusuma,24.5,28.7,90,Drizzle,Gerimis ringan,7.5,0.3,100
2026-01-16T18:00,Node_Warkop_Kusuma,23.9,28.4,92,Drizzle,Gerimis ringan,4.8,0.4,100
2026-01-16T19:00,Node_Warkop_Kusuma,23.7,27.4,95,Clouds,Mendung,11.7,0.0,100
2026-01-16T20:00,Node_Warkop_Kusuma,23.1,25.9,94,Drizzle,Gerimis ringan,14.3,0.4,100
2026-01-16T21:00,Node_Warkop_Kusuma,23.2,26.4,95,Drizzle,Gerimis ringan,13.1,0.3,100
2026-01-16T22:00,Node_Warkop_Kusuma,23.0,26.7,95,Drizzle,Gerimis ringan,9.8,0.1,100
2026-01-16T23:00,Node_Warkop_Kusuma,22.9,27.4,97,Clouds,Mendung,3.8,0.0,100
2026-01-17T00:00,Node_Warkop_Kusuma,22.5,26.9,99,Clouds,Mendung,5.7,0.0,100
2026-01-17T01:00,Node_Warkop_Kusuma,23.2,28.4,99,Clouds,Mendung,2.2,0.0,100
2026-01-17T02:00,Node_Warkop_Kusuma,23.0,27.9,97,Drizzle,Gerimis ringan,3.1,0.2,100
2026-01-17T03:00,Node_Warkop_Kusuma,22.8,27.7,98,Drizzle,Gerimis ringan,2.2,0.1,100
2026-01-17T04:00,Node_Warkop_Kusuma,22.1,26.9,100,Clouds,Mendung,1.3,0.0,100
2026-01-17T05:00,Node_Warkop_Kusuma,22.4,27.0,99,Clouds,Mendung,3.4,0.0,100
2026-01-17T06:00,Node_Warkop_Kusuma,22.5,27.1,99,Clouds,Mendung,3.5,0.0,100
2026-01-17T07:00,Node_Warkop_Kusuma,24.0,29.5,96,Clouds,Mendung,1.3,0.0,100
2026-01-17T08:00,Node_Warkop_Kusuma,25.6,31.1,86,Drizzle,Gerimis ringan,1.0,0.1,100
2026-01-17T09:00,Node_Warkop_Kusuma,27.0,32.0,80,Drizzle,Gerimis ringan,3.4,0.3,100
2026-01-17T10:00,Node_Warkop_Kusuma,28.1,33.5,74,Drizzle,Gerimis ringan,5.8,0.2,90
2026-01-17T11:00,Node_Warkop_Kusuma,29.3,36.3,73,Clouds,Cerah berawan,6.4,0.0,41
2026-01-17T12:00,Node_Warkop_Kusuma,30.1,37.6,69,Drizzle,Gerimis ringan,4.3,0.1,99
2026-01-17T13:00,Node_Warkop_Kusuma,26.6,31.0,81,Rain,Hujan,15.9,3.5,100
2026-01-17T14:00,Node_Warkop_Kusuma,26.9,31.2,82,Drizzle,Gerimis,10.6,0.8,100
2026-01-17T15:00,Node_Warkop_Kusuma,27.0,32.3,82,Rain,Hujan,5.2,2.6,100
2026-01-17T16:00,Node_Warkop_Kusuma,26.0,30.7,84,Rain,Hujan ringan,5.9,2.4,100
2026-01-17T17:00,Node_Warkop_Kusuma,25.9,30.7,83,Drizzle,Gerimis,3.6,0.5,99
2026-01-17T18:00,Node_Warkop_Kusuma,25.1,31.0,92,Drizzle,Gerimis ringan,0.3,0.3,100
2026-01-17T19:00,Node_Warkop_Kusuma,24.3,29.7,97,Drizzle,Gerimis,3.6,0.7,100
2026-01-17T20:00,Node_Warkop_Kusuma,24.1,29.6,98,Drizzle,Gerimis ringan,3.6,0.1,100
2026-01-17T21:00,Node_Warkop_Kusuma,24.1,29.7,99,Drizzle,Gerimis ringan,2.5,0.1,100
2026-01-17T22:00,Node_Warkop_Kusuma,23.6,28.2,95,Drizzle,Gerimis,5.3,0.5,100
2026-01-17T23:00,Node_Warkop_Kusuma,23.1,27.7,98,Rain,Hujan ringan,5.0,1.4,100
2026-01-18T00:00,Node_Warkop_Kusuma,23.0,27.6,98,Drizzle,Gerimis,5.4,0.7,100
2026-01-18T01:00,Node_Warkop_Kusuma,23.0,28.1,98,Drizzle,Gerimis ringan,1.9,0.4,100
2026-01-18T02:00,Node_Warkop_Kusuma,23.1,28.2,97,Drizzle,Gerimis,1.3,0.5,100
2026-01-18T03:00,Node_Warkop_Kusuma,23.2,28.4,97,Drizzle,Gerimis,0.6,0.6,100
2026-01-18T04:00,Node_Warkop_Kusuma,23.0,27.5,99,Rain,Hujan ringan,5.9,2.3,100
2026-01-18T05:00,Node_Warkop_Kusuma,22.9,27.7,99,Rain,Hujan,3.4,3.8,100
2026-01-18T06:00,Node_Warkop_Kusuma,22.9,27.7,98,Rain,Hujan,3.1,6.3,100
2026-01-18T07:00,Node_Warkop_Kusuma,23.7,28.8,97,Rain,Hujan,3.5,6.7,100
2026-01-18T08:00,Node_Warkop_Kusuma,24.4,29.8,96,Drizzle,Gerimis ringan,3.8,0.1,100
2026-01-18T09:00,Node_Warkop_Kusuma,25.7,30.7,88,Drizzle,Gerimis ringan,5.9,0.1,100
2026-01-18T10:00,Node_Warkop_Kusuma,25.8,30.9,88,Drizzle,Gerimis ringan,4.6,0.1,100
2026-01-18T11:00,Node_Warkop_Kusuma,26.6,31.7,83,Drizzle,Gerimis ringan,4.7,0.2,100
2026-01-18T12:00,Node_Warkop_Kusuma,26.7,31.8,83,Drizzle,Gerimis ringan,4.8,0.3,100
2026-01-18T13:00,Node_Warkop_Kusuma,25.9,30.7,87,Drizzle,Gerimis ringan,6.7,0.1,100
2026-01-18T14:00,Node_Warkop_Kusuma,27.8,33.0,78,Drizzle,Gerimis ringan,5.1,0.1,100
2026-01-18T15:00,Node_Warkop_Kusuma,28.0,33.2,77,Clouds,Mendung,4.2,0.0,100
2026-01-18T16:00,Node_Warkop_Kusuma,26.9,31.9,82,Drizzle,Gerimis,5.2,0.7,100
2026-01-18T17:00,Node_Warkop_Kusuma,25.6,30.4,88,Clouds,Mendung,6.7,0.0,100
2026-01-18T18:00,Node_Warkop_Kusuma,25.1,30.3,90,Clouds,Mendung,4.2,0.0,100
2026-01-18T19:00,Node_Warkop_Kusuma,24.5,29.9,95,Clouds,Mendung,2.8,0.0,100
2026-01-18T20:00,Node_Warkop_Kusuma,24.2,29.8,97,Drizzle,Gerimis ringan,3.0,0.2,100
2026-01-18T21:00,Node_Warkop_Kusuma,23.8,29.3,99,Drizzle,Gerimis ringan,2.4,0.1,100
2026-01-18T22:00,Node_Warkop_Kusuma,23.6,29.2,99,Clouds,Mendung,0.8,0.0,100
2026-01-18T23:00,Node_Warkop_Kusuma,23.5,28.8,99,Clouds,Mendung,3.1,0.0,100
2026-01-19T00:00,Node_Warkop_Kusuma,23.2,28.2,100,Clouds,Mendung,4.5,0.0,100
2026-01-19T01:00,Node_Warkop_Kusuma,23.3,28.6,99,Clouds,Mendung,1.6,0.0,99
2026-01-19T02:00,Node_Warkop_Kusuma,23.0,28.2,98,Drizzle,Gerimis ringan,1.8,0.2,100
2026-01-19T03:00,Node_Warkop_Kusuma,23.1,28.4,99,Clouds,Mendung,0.8,0.0,89
2026-01-19T04:00,Node_Warkop_Kusuma,23.0,28.1,100,Drizzle,Gerimis ringan,2.2,0.1,85
2026-01-19T05:00,Node_Warkop_Kusuma,22.8,27.6,100,Drizzle,Gerimis ringan,3.8,0.1,99
2026-01-19T06:00,Node_Warkop_Kusuma,22.9,27.7,99,Clouds,Mendung,3.7,0.0,95
2026-01-19T07:00,Node_Warkop_Kusuma,24.5,29.5,94,Clouds,Mendung,4.2,0.0,100
2026-01-19T08:00,Node_Warkop_Kusuma,26.3,30.9,81,Clouds,Mendung,5.1,0.0,100
2026-01-19T09:00,Node_Warkop_Kusuma,27.6,32.3,74,Drizzle,Gerimis ringan,3.6,0.1,100
2026-01-19T10:00,Node_Warkop_Kusuma,28.9,34.4,69,Drizzle,Gerimis ringan,7.3,0.2,100
2026-01-19T11:00,Node_Warkop_Kusuma,30.0,36.5,68,Clouds,Mendung,7.5,0.0,100
2026-01-19T12:00,Node_Warkop_Kusuma,29.5,34.8,69,Drizzle,Gerimis ringan,11.2,0.1,100
2026-01-19T13:00,Node_Warkop_Kusuma,30.2,35.0,65,Rain,Hujan,4.4,4.6,100
2026-01-19T14:00,Node_Warkop_Kusuma,29.7,34.3,66,Drizzle,Gerimis ringan,4.7,0.1,100
2026-01-19T15:00,Node_Warkop_Kusuma,26.3,30.4,80,Rain,Hujan,7.6,5.0,100
2026-01-19T16:00,Node_Warkop_Kusuma,25.2,30.1,86,Rain,Hujan,3.6,4.4,100
2026-01-19T17:00,Node_Warkop_Kusuma,24.1,28.3,90,Drizzle,Gerimis lebat,6.6,1.1,100
2026-01-19T18:00,Node_Warkop_Kusuma,22.8,26.6,96,Rain,Hujan,7.9,4.1,100
2026-01-19T19:00,Node_Warkop_Kusuma,23.2,27.6,97,Rain,Hujan ringan,6.5,1.6,100
2026-01-19T20:00,Node_Warkop_Kusuma,22.8,27.1,98,Rain,Hujan,6.3,3.6,100
2026-01-19T21:00,Node_Warkop_Kusuma,22.8,27.3,99,Drizzle,Gerimis lebat,5.9,1.1,100
2026-01-19T22:00,Node_Warkop_Kusuma,22.8,27.6,100,Drizzle,Gerimis ringan,3.7,0.4,100
2026-01-19T23:00,Node_Warkop_Kusuma,22.7,27.9,100,Clouds,Mendung,0.9,0.0,100
2026-01-20T00:00,Node_Warkop_Kusuma,22.7,27.7,99,Clouds,Mendung,1.4,0.0,100
2026-01-20T01:00,Node_Warkop_Kusuma,23.3,28.4,98,Clouds,Mendung,2.1,0.0,100
2026-01-20T02:00,Node_Warkop_Kusuma,23.0,28.4,99,Clouds,Mendung,1.0,0.0,100
2026-01-20T03:00,Node_Warkop_Kusuma,23.0,28.1,99,Clouds,Mendung,1.9,0.0,100
2026-01-20T04:00,Node_Warkop_Kusuma,22.6,27.6,100,Clouds,Mendung,2.1,0.0,100
2026-01-20T05:00,Node_Warkop_Kusuma,22.3,27.2,100,Clouds,Mendung,1.6,0.0,100
2026-01-20T06:00,Node_Warkop_Kusuma,22.5,27.4,100,Clouds,Mendung,2.7,0.0,100
2026-01-20T07:00,Node_Warkop_Kusuma,23.5,28.8,99,Clouds,Mendung,2.3,0.0,100
2026-01-20T08:00,Node_Warkop_Kusuma,24.1,29.8,98,Clouds,Mendung,2.1,0.0,100
2026-01-20T09:00,Node_Warkop_Kusuma,25.5,31.1,89,Clouds,Mendung,1.5,0.0,83
2026-01-20T10:00,Node_Warkop_Kusuma,28.0,34.4,75,Drizzle,Gerimis ringan,2.9,0.1,98
2026-01-20T11:00,Node_Warkop_Kusuma,29.0,34.9,69,Drizzle,Gerimis ringan,5.7,0.1,100
2026-01-20T12:00,Node_Warkop_Kusuma,29.0,33.8,68,Clouds,Mendung,7.3,0.0,100
2026-01-20T13:00,Node_Warkop_Kusuma,28.4,32.6,71,Clouds,Mendung,7.7,0.0,100
2026-01-20T14:00,Node_Warkop_Kusuma,28.0,32.1,75,Clouds,Mendung,10.2,0.0,100
2026-01-20T15:00,Node_Warkop_Kusuma,27.1,31.8,79,Drizzle,Gerimis ringan,6.5,0.1,100
2026-01-20T16:00,Node_Warkop_Kusuma,26.8,31.2,79,Drizzle,Gerimis,5.9,0.7,100
2026-01-20T17:00,Node_Warkop_Kusuma,25.5,29.7,87,Rain,Hujan ringan,9.8,1.5,100
2026-01-20T18:00,Node_Warkop_Kusuma,25.0,29.3,89,Drizzle,Gerimis ringan,8.5,0.2,100
2026-01-20T19:00,Node_Warkop_Kusuma,24.8,30.5,94,Clouds,Mendung,1.3,0.0,100
2026-01-20T20:00,Node_Warkop_Kusuma,24.6,30.4,96,Drizzle,Gerimis ringan,2.4,0.1,100
2026-01-20T21:00,Node_Warkop_Kusuma,24.2,30.0,99,Drizzle,Gerimis ringan,2.6,0.1,100
2026-01-20T22:00,Node_Warkop_Kusuma,24.0,29.1,97,Rain,Hujan ringan,4.2,1.4,100
2026-01-20T23:00,Node_Warkop_Kusuma,23.8,29.0,99,Drizzle,Gerimis ringan,3.6,0.2,100
2026-01-21T00:00,Node_Warkop_Kusuma,23.4,28.6,100,Clouds,Mendung,2.9,0.0,100
2026-01-21T01:00,Node_Warkop_Kusuma,23.7,28.5,96,Clouds,Mendung,5.1,0.0,100
2026-01-21T02:00,Node_Warkop_Kusuma,23.1,28.1,99,Drizzle,Gerimis ringan,2.7,0.1,100
2026-01-21T03:00,Node_Warkop_Kusuma,23.1,27.8,98,Drizzle,Gerimis ringan,4.3,0.2,100
2026-01-21T04:00,Node_Warkop_Kusuma,23.1,27.8,98,Clouds,Mendung,4.4,0.0,100
2026-01-21T05:00,Node_Warkop_Kusuma,22.8,27.3,98,Clouds,Mendung,4.6,0.0,100
2026-01-21T06:00,Node_Warkop_Kusuma,22.9,27.4,98,Clouds,Mendung,5.4,0.0,100
2026-01-21T07:00,Node_Warkop_Kusuma,24.5,30.0,94,Clouds,Mendung,1.9,0.0,100
2026-01-21T08:00,Node_Warkop_Kusuma,26.1,31.0,83,Drizzle,Gerimis ringan,3.6,0.2,100
2026-01-21T09:00,Node_Warkop_Kusuma,26.4,30.8,81,Drizzle,Gerimis,6.2,0.5,100
2026-01-21T10:00,Node_Warkop_Kusuma,27.0,31.8,79,Drizzle,Gerimis,4.3,0.7,100
2026-01-21T11:00,Node_Warkop_Kusuma,27.4,32.4,76,Drizzle,Gerimis ringan,1.9,0.4,100
2026-01-21T12:00,Node_Warkop_Kusuma,28.5,34.0,70,Drizzle,Gerimis ringan,5.8,0.2,100
2026-01-21T13:00,Node_Warkop_Kusuma,28.4,32.7,71,Drizzle,Gerimis ringan,8.3,0.1,100
2026-01-21T14:00,Node_Warkop_Kusuma,28.6,31.9,68,Clouds,Mendung,11.2,0.0,100
2026-01-21T15:00,Node_Warkop_Kusuma,28.6,32.9,73,Drizzle,Gerimis ringan,9.7,0.2,100
2026-01-21T16:00,Node_Warkop_Kusuma,26.1,30.1,83,Rain,Hujan lebat,10.8,8.6,100
2026-01-21T17:00,Node_Warkop_Kusuma,24.8,29.6,93,Rain,Hujan ringan,6.7,1.7,100
2026-01-21T18:00,Node_Warkop_Kusuma,24.3,29.2,95,Drizzle,Gerimis,5.4,0.6,100
2026-01-21T19:00,Node_Warkop_Kusuma,24.4,29.9,94,Drizzle,Gerimis ringan,1.4,0.1,100
2026-01-21T20:00,Node_Warkop_Kusuma,24.1,29.9,97,Clouds,Mendung,0.4,0.0,100
2026-01-21T21:00,Node_Warkop_Kusuma,23.9,29.2,98,Clouds,Mendung,3.5,0.0,100
2026-01-21T22:00,Node_Warkop_Kusuma,23.6,28.8,100,Drizzle,Gerimis,4.3,0.5,100
2026-01-21T23:00,Node_Warkop_Kusuma,23.6,28.8,99,Drizzle,Gerimis ringan,3.8,0.2,100
2026-01-22T00:00,Node_Warkop_Kusuma,23.4,28.6,99,Clouds,Mendung,3.1,0.0,100
2026-01-22T01:00,Node_Warkop_Kusuma,23.5,28.5,99,Clouds,Mendung,4.0,0.0,100
2026-01-22T02:00,Node_Warkop_Kusuma,23.4,28.1,99,Drizzle,Gerimis ringan,5.9,0.4,100
2026-01-22T03:00,Node_Warkop_Kusuma,23.0,27.7,99,Drizzle,Gerimis,5.1,0.7,100
2026-01-22T04:00,Node_Warkop_Kusuma,23.0,28.1,99,Drizzle,Gerimis ringan,1.3,0.2,100
2026-01-22T05:00,Node_Warkop_Kusuma,22.6,27.7,100,Drizzle,Gerimis ringan,1.3,0.1,100
2026-01-22T06:00,Node_Warkop_Kusuma,22.6,27.3,100,Drizzle,Gerimis ringan,4.0,0.1,100
2026-01-22T07:00,Node_Warkop_Kusuma,23.0,27.8,98,Clouds,Mendung,3.6,0.0,100
2026-01-22T08:00,Node_Warkop_Kusuma,25.0,29.8,89,Clouds,Mendung,5.3,0.0,100
2026-01-22T09:00,Node_Warkop_Kusuma,26.2,30.5,81,Clouds,Mendung,7.3,0.0,100
2026-01-22T10:00,Node_Warkop_Kusuma,27.0,30.7,76,Clouds,Mendung,10.0,0.0,100
2026-01-22T11:00,Node_Warkop_Kusuma,28.5,33.0,70,Drizzle,Gerimis ringan,9.7,0.1,100
2026-01-22T12:00,Node_Warkop_Kusuma,29.1,34.8,69,Drizzle,Gerimis ringan,7.4,0.2,100
2026-01-22T13:00,Node_Warkop_Kusuma,27.6,31.1,75,Rain,Hujan,13.5,3.7,100
2026-01-22T14:00,Node_Warkop_Kusuma,27.4,31.5,79,Rain,Hujan ringan,11.1,2.1,100
2026-01-22T15:00,Node_Warkop_Kusuma,26.9,31.1,82,Rain,Hujan,11.2,3.9,100
2026-01-22T16:00,Node_Warkop_Kusuma,26.0,30.9,88,Rain,Hujan,6.5,4.3,100
2026-01-22T17:00,Node_Warkop_Kusuma,25.0,29.9,93,Rain,Hujan ringan,7.0,1.5,100
2026-01-22T18:00,Node_Warkop_Kusuma,24.4,29.1,96,Drizzle,Gerimis,7.6,0.7,100
2026-01-22T19:00,Node_Warkop_Kusuma,24.0,28.5,98,Drizzle,Gerimis ringan,10.0,0.2,100
2026-01-22T20:00,Node_Warkop_Kusuma,23.8,28.2,98,Clouds,Mendung,9.4,0.0,100
2026-01-22T21:00,Node_Warkop_Kusuma,23.5,27.6,98,Clouds,Mendung,10.4,0.0,100
2026-01-22T22:00,Node_Warkop_Kusuma,23.4,27.0,97,Clouds,Mendung,11.8,0.0,100
2026-01-22T23:00,Node_Warkop_Kusuma,23.1,26.2,96,Clouds,Mendung,14.2,0.0,100
2026-01-23T00:00,Node_Warkop_Kusuma,23.1,26.0,94,Clouds,Mendung,15.3,0.0,100
2026-01-23T01:00,Node_Warkop_Kusuma,23.1,26.0,96,Drizzle,Gerimis ringan,15.7,0.1,100
2026-01-23T02:00,Node_Warkop_Kusuma,23.0,26.3,97,Drizzle,Gerimis,13.4,0.8,100
2026-01-23T03:00,Node_Warkop_Kusuma,22.8,26.0,97,Drizzle,Gerimis,13.1,0.6,100
2026-01-23T04:00,Node_Warkop_Kusuma,22.6,25.8,98,Rain,Hujan ringan,13.3,1.7,100
2026-01-23T05:00,Node_Warkop_Kusuma,22.9,25.7,96,Drizzle,Gerimis ringan,15.4,0.1,100
2026-01-23T06:00,Node_Warkop_Kusuma,22.8,25.4,97,Drizzle,Gerimis ringan,16.6,0.1,100
2026-01-23T07:00,Node_Warkop_Kusuma,23.9,26.5,93,Drizzle,Gerimis ringan,18.2,0.1,100
2026-01-23T08:00,Node_Warkop_Kusuma,25.8,28.1,83,Drizzle,Gerimis ringan,20.1,0.1,100
2026-01-23T09:00,Node_Warkop_Kusuma,27.0,28.7,79,Drizzle,Gerimis ringan,25.3,0.2,100
2026-01-23T10:00,Node_Warkop_Kusuma,26.8,28.8,80,Clouds,Mendung,24.2,0.0,100
2026-01-23T11:00,Node_Warkop_Kusuma,27.5,29.9,78,Drizzle,Gerimis ringan,22.2,0.2,100
2026-01-23T12:00,Node_Warkop_Kusuma,26.4,29.2,84,Drizzle,Gerimis,20.5,0.8,100
2026-01-23T13:00,Node_Warkop_Kusuma,25.1,29.1,92,Drizzle,Gerimis ringan,13.5,0.4,100
2026-01-23T14:00,Node_Warkop_Kusuma,24.9,28.9,94,Drizzle,Gerimis lebat,13.1,1.2,100
2026-01-23T15:00,Node_Warkop_Kusuma,25.5,29.6,91,Drizzle,Gerimis,13.0,0.7,100
2026-01-23T16:00,Node_Warkop_Kusuma,25.6,29.3,90,Drizzle,Gerimis ringan,16.3,0.3,100
2026-01-23T17:00,Node_Warkop_Kusuma,25.2,28.2,88,Drizzle,Gerimis ringan,17.3,0.1,100
2026-01-23T18:00,Node_Warkop_Kusuma,24.5,27.0,88,Clouds,Mendung,18.3,0.0,100
2026-01-23T19:00,Node_Warkop_Kusuma,23.5,24.8,92,Clouds,Mendung,25.2,0.0,100
2026-01-23T20:00,Node_Warkop_Kusuma,23.9,25.9,93,Rain,Hujan ringan,22.3,1.4,99
2026-01-23T21:00,Node_Warkop_Kusuma,23.7,25.7,92,Drizzle,Gerimis ringan,21.4,0.1,100
2026-01-23T22:00,Node_Warkop_Kusuma,23.9,25.8,89,Clouds,Mendung,21.0,0.0,100
2026-01-23T23:00,Node_Warkop_Kusuma,23.9,25.4,88,Clouds,Mendung,22.4,0.0,100
2026-01-24T00:00,Node_Warkop_Kusuma,23.9,25.4,87,Drizzle,Gerimis ringan,21.4,0.1,100
2026-01-24T01:00,Node_Warkop_Kusuma,24.1,25.2,86,Clouds,Mendung,24.8,0.0,100
2026-01-24T02:00,Node_Warkop_Kusuma,24.1,25.5,86,Clouds,Mendung,23.6,0.0,100
2026-01-24T03:00,Node_Warkop_Kusuma,24.2,25.3,84,Clouds,Mendung,23.6,0.0,93
2026-01-24T04:00,Node_Warkop_Kusuma,24.1,25.2,83,Clouds,Mendung,23.0,0.0,100
2026-01-24T05:00,Node_Warkop_Kusuma,24.2,25.1,82,Clouds,Mendung,23.2,0.0,100
2026-01-24T06:00,Node_Warkop_Kusuma,24.0,24.9,83,Clouds,Mendung,23.5,0.0,100
2026-01-24T07:00,Node_Warkop_Kusuma,25.1,26.4,81,Clouds,Mendung,23.5,0.0,100
2026-01-24T08:00,Node_Warkop_Kusuma,26.4,28.2,79,Drizzle,Gerimis ringan,22.5,0.1,100
2026-01-24T09:00,Node_Warkop_Kusuma,27.4,29.2,75,Drizzle,Gerimis ringan,23.9,0.1,100
2026-01-24T10:00,Node_Warkop_Kusuma,28.3,29.9,71,Clouds,Mendung,25.4,0.0,100
2026-01-24T11:00,Node_Warkop_Kusuma,29.4,31.5,64,Clouds,Mendung,27.6,0.0,100
2026-01-24T12:00,Node_Warkop_Kusuma,29.7,32.3,65,Clouds,Mendung,28.7,0.0,98
2026-01-24T13:00,Node_Warkop_Kusuma,29.2,31.0,64,Clouds,Mendung,30.2,0.0,100
2026-01-24T14:00,Node_Warkop_Kusuma,29.2,30.6,64,Clouds,Mendung,28.8,0.0,100
2026-01-24T15:00,Node_Warkop_Kusuma,28.4,29.4,68,Clouds,Mendung,26.3,0.0,97
2026-01-24T16:00,Node_Warkop_Kusuma,28.0,29.6,70,Clouds,Mendung,23.1,0.0,100
2026-01-24T17:00,Node_Warkop_Kusuma,27.2,29.4,74,Clouds,Mendung,19.9,0.0,99
2026-01-24T18:00,Node_Warkop_Kusuma,26.1,28.2,76,Clouds,Mendung,17.8,0.0,100
2026-01-24T19:00,Node_Warkop_Kusuma,25.6,27.4,77,Clouds,Mendung,19.4,0.0,100
2026-01-24T20:00,Node_Warkop_Kusuma,25.1,27.4,79,Clouds,Mendung,15.4,0.0,100
2026-01-24T21:00,Node_Warkop_Kusuma,24.8,26.8,79,Clouds,Mendung,16.4,0.0,96
2026-01-24T22:00,Node_Warkop_Kusuma,24.5,26.4,80,Clouds,Mendung,16.5,0.0,99
2026-01-24T23:00,Node_Warkop_Kusuma,24.1,26.2,82,Clouds,Mendung,14.8,0.0,100
2026-01-25T00:00,Node_Warkop_Kusuma,23.9,26.0,81,Clouds,Mendung,13.6,0.0,99
2026-01-25T01:00,Node_Warkop_Kusuma,23.8,26.0,83,Clouds,Mendung,13.9,0.0,100
2026-01-25T02:00,Node_Warkop_Kusuma,23.7,26.1,83,Clouds,Mendung,12.2,0.0,100
2026-01-25T03:00,Node_Warkop_Kusuma,23.1,26.0,86,Clouds,Mendung,8.8,0.0,100
2026-01-25T04:00,Node_Warkop_Kusuma,22.5,25.5,88,Clouds,Mendung,8.1,0.0,100
2026-01-25T05:00,Node_Warkop_Kusuma,22.5,25.2,87,Clouds,Mendung,8.1,0.0,100
2026-01-25T06:00,Node_Warkop_Kusuma,22.9,25.3,85,Clouds,Mendung,10.4,0.0,100
2026-01-25T07:00,Node_Warkop_Kusuma,25.0,27.5,82,Clouds,Mendung,16.2,0.0,100
2026-01-25T08:00,Node_Warkop_Kusuma,26.3,29.1,78,Clouds,Mendung,15.6,0.0,100
2026-01-25T09:00,Node_Warkop_Kusuma,27.8,31.1,75,Clouds,Mendung,15.1,0.0,100
2026-01-25T10:00,Node_Warkop_Kusuma,29.1,33.8,69,Clouds,Mendung,12.1,0.0,100
2026-01-25T11:00,Node_Warkop_Kusuma,30.0,36.3,68,Clouds,Mendung,9.0,0.0,100
2026-01-25T12:00,Node_Warkop_Kusuma,30.2,35.3,64,Clouds,Mendung,9.2,0.0,100
2026-01-25T13:00,Node_Warkop_Kusuma,30.0,33.9,64,Drizzle,Gerimis ringan,14.3,0.1,100
2026-01-25T14:00,Node_Warkop_Kusuma,29.2,32.9,67,Drizzle,Gerimis ringan,12.0,0.2,100
2026-01-25T15:00,Node_Warkop_Kusuma,29.1,32.9,67,Clouds,Mendung,9.7,0.0,100
2026-01-25T16:00,Node_Warkop_Kusuma,28.9,33.0,66,Clouds,Mendung,5.6,0.0,100
2026-01-25T17:00,Node_Warkop_Kusuma,28.0,32.9,70,Drizzle,Gerimis ringan,0.4,0.1,100
2026-01-25T18:00,Node_Warkop_Kusuma,26.5,31.4,80,Drizzle,Gerimis ringan,3.1,0.1,99
2026-01-25T19:00,Node_Warkop_Kusuma,25.2,30.9,92,Clouds,Mendung,2.3,0.0,100
2026-01-25T20:00,Node_Warkop_Kusuma,24.8,30.9,96,Clouds,Mendung,0.4,0.0,100
2026-01-25T21:00,Node_Warkop_Kusuma,24.5,30.6,98,Drizzle,Gerimis ringan,0.2,0.1,100
2026-01-25T22:00,Node_Warkop_Kusuma,24.2,30.2,99,Clouds,Mendung,0.9,0.0,100
2026-01-25T23:00,Node_Warkop_Kusuma,23.6,28.9,100,Clouds,Mendung,4.3,0.0,100
2026-01-26T00:00,Node_Warkop_Kusuma,23.4,28.2,99,Clouds,Mendung,5.4,0.0,100
2026-01-26T01:00,Node_Warkop_Kusuma,23.2,28.1,99,Clouds,Mendung,4.9,0.0,100
2026-01-26T02:00,Node_Warkop_Kusuma,23.0,27.9,100,Clouds,Mendung,3.4,0.0,100
2026-01-26T03:00,Node_Warkop_Kusuma,22.7,27.5,98,Clouds,Mendung,2.7,0.0,100
2026-01-26T04:00,Node_Warkop_Kusuma,22.6,27.1,96,Clouds,Mendung,2.4,0.0,100
2026-01-26T05:00,Node_Warkop_Kusuma,22.5,27.0,96,Clouds,Mendung,2.5,0.0,100
2026-01-26T06:00,Node_Warkop_Kusuma,22.9,27.7,96,Clouds,Mendung,1.4,0.0,100
2026-01-26T07:00,Node_Warkop_Kusuma,24.8,29.2,87,Clouds,Cerah berawan,4.8,0.0,30
2026-01-26T08:00,Node_Warkop_Kusuma,26.5,30.7,80,Clouds,Berawan sebagian,7.3,0.0,76
2026-01-26T09:00,Node_Warkop_Kusuma,27.9,32.4,74,Drizzle,Gerimis ringan,6.5,0.1,100
2026-01-26T10:00,Node_Warkop_Kusuma,28.9,34.1,68,Drizzle,Gerimis ringan,2.9,0.1,99
2026-01-26T11:00,Node_Warkop_Kusuma,29.1,35.0,67,Drizzle,Gerimis ringan,3.8,0.3,47
2026-01-26T12:00,Node_Warkop_Kusuma,29.8,36.7,67,Clouds,Berawan sebagian,5.9,0.0,69
2026-01-26T13:00,Node_Warkop_Kusuma,29.0,33.6,65,Drizzle,Gerimis ringan,6.3,0.1,99
2026-01-26T14:00,Node_Warkop_Kusuma,27.8,31.9,76,Clouds,Mendung,12.4,0.0,100
2026-01-26T15:00,Node_Warkop_Kusuma,27.8,32.2,77,Clouds,Mendung,8.9,0.0,100
2026-01-26T16:00,Node_Warkop_Kusuma,27.5,31.9,78,Drizzle,Gerimis ringan,7.8,0.4,99
2026-01-26T17:00,Node_Warkop_Kusuma,25.0,29.7,90,Rain,Hujan lebat,6.1,12.4,100
2026-01-26T18:00,Node_Warkop_Kusuma,24.8,29.6,92,Drizzle,Gerimis,5.8,0.6,100
2026-01-26T19:00,Node_Warkop_Kusuma,24.4,30.2,97,Clouds,Mendung,1.9,0.0,100
2026-01-26T20:00,Node_Warkop_Kusuma,24.2,30.3,99,Clouds,Mendung,0.5,0.0,100
2026-01-26T21:00,Node_Warkop_Kusuma,24.1,30.0,99,Clouds,Mendung,0.6,0.0,100
2026-01-26T22:00,Node_Warkop_Kusuma,24.0,29.6,98,Clouds,Mendung,1.7,0.0,100
2026-01-26T23:00,Node_Warkop_Kusuma,23.5,29.1,100,Clouds,Mendung,1.5,0.0,100
2026-01-27T00:00,Node_Warkop_Kusuma,23.5,28.5,100,Clouds,Mendung,5.0,0.0,100
2026-01-27T01:00,Node_Warkop_Kusuma,23.6,28.5,99,Clouds,Mendung,5.4,0.0,100
2026-01-27T02:00,Node_Warkop_Kusuma,23.5,28.3,99,Clouds,Mendung,5.7,0.0,100
2026-01-27T03:00,Node_Warkop_Kusuma,23.4,27.8,97,Clouds,Mendung,6.3,0.0,100
2026-01-27T04:00,Node_Warkop_Kusuma,23.2,27.6,97,Clouds,Mendung,6.3,0.0,100
2026-01-27T05:00,Node_Warkop_Kusuma,23.0,27.5,98,Clouds,Mendung,5.5,0.0,100
2026-01-27T06:00,Node_Warkop_Kusuma,23.1,27.6,98,Clouds,Mendung,5.6,0.0,98
2026-01-27T07:00,Node_Warkop_Kusuma,24.2,29.1,95,Clouds,Mendung,5.6,0.0,100
2026-01-27T08:00,Node_Warkop_Kusuma,26.0,30.7,85,Drizzle,Gerimis ringan,7.3,0.1,100
2026-01-27T09:00,Node_Warkop_Kusuma,26.9,31.3,79,Drizzle,Gerimis ringan,6.7,0.1,100
2026-01-27T10:00,Node_Warkop_Kusuma,27.5,32.2,77,Drizzle,Gerimis ringan,6.0,0.1,100
2026-01-27T11:00,Node_Warkop_Kusuma,27.4,32.1,77,Drizzle,Gerimis ringan,4.8,0.2,100
2026-01-27T12:00,Node_Warkop_Kusuma,27.8,33.0,77,Drizzle,Gerimis ringan,3.4,0.2,100
2026-01-27T13:00,Node_Warkop_Kusuma,26.2,29.6,81,Rain,Hujan ringan,13.7,2.2,98
2026-01-27T14:00,Node_Warkop_Kusuma,26.9,31.8,83,Drizzle,Gerimis lebat,7.5,1.2,100
2026-01-27T15:00,Node_Warkop_Kusuma,26.5,31.5,86,Rain,Hujan ringan,7.1,1.5,100
2026-01-27T16:00,Node_Warkop_Kusuma,24.9,28.2,85,Rain,Hujan lebat,11.8,15.9,100
2026-01-27T17:00,Node_Warkop_Kusuma,24.4,28.8,92,Drizzle,Gerimis,8.0,0.9,100
2026-01-27T18:00,Node_Warkop_Kusuma,24.1,28.9,95,Rain,Hujan ringan,5.8,2.2,100
2026-01-27T19:00,Node_Warkop_Kusuma,23.9,29.0,98,Drizzle,Gerimis,4.3,0.8,100
2026-01-27T20:00,Node_Warkop_Kusuma,23.5,28.7,99,Rain,Hujan,2.8,3.0,100
2026-01-27T21:00,Node_Warkop_Kusuma,23.1,28.0,100,Rain,Hujan ringan,4.6,1.8,100
2026-01-27T22:00,Node_Warkop_Kusuma,23.2,28.1,99,Drizzle,Gerimis,4.4,0.8,100
2026-01-27T23:00,Node_Warkop_Kusuma,23.0,27.5,97,Rain,Hujan,5.7,3.3,100
2026-01-28T00:00,Node_Warkop_Kusuma,23.2,27.4,96,Rain,Hujan ringan,7.9,1.6,99
2026-01-28T01:00,Node_Warkop_Kusuma,23.1,27.6,97,Rain,Hujan ringan,6.0,1.8,100
2026-01-28T02:00,Node_Warkop_Kusuma,22.9,27.1,96,Rain,Hujan,6.0,3.5,100
2026-01-28T03:00,Node_Warkop_Kusuma,23.0,27.1,95,Drizzle,Gerimis ringan,5.9,0.2,97
2026-01-28T04:00,Node_Warkop_Kusuma,22.7,26.8,96,Clouds,Mendung,5.4,0.0,89
2026-01-28T05:00,Node_Warkop_Kusuma,22.5,26.7,96,Clouds,Berawan sebagian,5.4,0.0,52
2026-01-28T06:00,Node_Warkop_Kusuma,22.9,26.5,95,Clouds,Berawan sebagian,8.6,0.0,75
2026-01-28T07:00,Node_Warkop_Kusuma,24.0,28.3,93,Clouds,Cerah berawan,8.1,0.0,48
2026-01-28T08:00,Node_Warkop_Kusuma,25.9,29.3,83,Clouds,Berawan sebagian,12.3,0.0,69
2026-01-28T09:00,Node_Warkop_Kusuma,27.6,31.5,77,Drizzle,Gerimis ringan,11.8,0.1,83
2026-01-28T10:00,Node_Warkop_Kusuma,28.6,33.4,76,Drizzle,Gerimis ringan,12.5,0.2,100
2026-01-28T11:00,Node_Warkop_Kusuma,27.3,32.8,83,Rain,Hujan,10.5,3.4,100
2026-01-28T12:00,Node_Warkop_Kusuma,26.9,31.8,83,Drizzle,Gerimis,7.3,0.8,98
2026-01-28T13:00,Node_Warkop_Kusuma,28.4,33.2,77,Drizzle,Gerimis lebat,9.2,1.1,100
2026-01-28T14:00,Node_Warkop_Kusuma,26.1,30.2,84,Rain,Hujan lebat,11.0,14.0,98
2026-01-28T15:00,Node_Warkop_Kusuma,25.8,30.8,86,Rain,Hujan,4.6,5.9,100
2026-01-28T16:00,Node_Warkop_Kusuma,24.9,30.1,90,Rain,Hujan,1.7,3.5,100
2026-01-28T17:00,Node_Warkop_Kusuma,24.6,30.0,93,Rain,Hujan ringan,2.4,1.5,100
2026-01-28T18:00,Node_Warkop_Kusuma,24.0,29.1,96,Rain,Hujan ringan,4.0,1.8,100
2026-01-28T19:00,Node_Warkop_Kusuma,24.1,28.7,96,Drizzle,Gerimis lebat,8.0,1.0,100
2026-01-28T20:00,Node_Warkop_Kusuma,23.9,28.1,98,Rain,Hujan ringan,10.5,1.8,100
2026-01-28T21:00,Node_Warkop_Kusuma,23.5,27.7,97,Rain,Hujan ringan,9.4,1.6,100
2026-01-28T22:00,Node_Warkop_Kusuma,23.2,27.0,96,Drizzle,Gerimis,10.2,0.6,100
2026-01-28T23:00,Node_Warkop_Kusuma,23.1,26.6,96,Drizzle,Gerimis,11.1,0.7,100
2026-01-29T00:00,Node_Warkop_Kusuma,23.1,26.8,95,Drizzle,Gerimis ringan,9.8,0.2,95
2026-01-29T01:00,Node_Warkop_Kusuma,23.2,27.1,94,Drizzle,Gerimis ringan,7.9,0.1,98
2026-01-29T02:00,Node_Warkop_Kusuma,23.0,26.8,93,Clouds,Mendung,7.8,0.0,98
2026-01-29T03:00,Node_Warkop_Kusuma,22.9,26.7,93,Clouds,Mendung,6.5,0.0,95
2026-01-29T04:00,Node_Warkop_Kusuma,22.5,26.3,95,Clouds,Cerah berawan,7.4,0.0,44
2026-01-29T05:00,Node_Warkop_Kusuma,22.5,25.6,93,Clouds,Berawan sebagian,9.4,0.0,50
2026-01-29T06:00,Node_Warkop_Kusuma,22.8,25.6,92,Clouds,Mendung,11.8,0.0,100
2026-01-29T07:00,Node_Warkop_Kusuma,24.4,27.8,89,Clear,Cerah,11.8,0.0,15
2026-01-29T08:00,Node_Warkop_Kusuma,26.3,29.4,81,Clear,Cerah,15.9,0.0,8
2026-01-29T09:00,Node_Warkop_Kusuma,28.0,32.0,76,Clear,Cerah,14.3,0.0,15
2026-01-29T10:00,Node_Warkop_Kusuma,29.4,34.4,71,Clouds,Cerah berawan,13.6,0.0,27
2026-01-29T11:00,Node_Warkop_Kusuma,30.2,35.6,68,Clouds,Mendung,15.9,0.0,81
2026-01-29T12:00,Node_Warkop_Kusuma,28.8,33.7,71,Drizzle,Gerimis,15.7,0.5,86
2026-01-29T13:00,Node_Warkop_Kusuma,27.0,30.2,75,Drizzle,Gerimis ringan,16.7,0.1,96
2026-01-29T14:00,Node_Warkop_Kusuma,28.6,31.2,68,Drizzle,Gerimis,17.2,0.5,88
2026-01-29T15:00,Node_Warkop_Kusuma,28.3,31.7,74,Drizzle,Gerimis,15.3,0.7,89
2026-01-29T16:00,Node_Warkop_Kusuma,27.0,30.5,81,Rain,Hujan,15.5,2.5,89
2026-01-29T17:00,Node_Warkop_Kusuma,27.0,30.9,81,Drizzle,Gerimis,12.3,0.5,85
2026-01-29T18:00,Node_Warkop_Kusuma,25.9,30.6,85,Drizzle,Gerimis,5.5,0.6,100
2026-01-29T19:00,Node_Warkop_Kusuma,25.5,30.5,90,Clouds,Mendung,6.5,0.0,100
2026-01-29T20:00,Node_Warkop_Kusuma,25.4,29.7,88,Clouds,Mendung,8.8,0.0,96
2026-01-29T21:00,Node_Warkop_Kusuma,24.5,28.3,90,Clouds,Mendung,10.9,0.0,97
2026-01-29T22:00,Node_Warkop_Kusuma,24.1,28.2,91,Clouds,Mendung,7.4,0.0,98
2026-01-29T23:00,Node_Warkop_Kusuma,24.0,27.9,89,Clouds,Cerah berawan,6.4,0.0,46
2026-01-30T00:00,Node_Warkop_Kusuma,23.2,27.5,92,Drizzle,Gerimis,3.7,0.9,65
2026-01-30T01:00,Node_Warkop_Kusuma,22.6,26.7,97,Rain,Hujan lebat,6.7,9.2,98
2026-01-30T02:00,Node_Warkop_Kusuma,22.6,26.9,95,Drizzle,Gerimis ringan,4.2,0.1,39
2026-01-30T03:00,Node_Warkop_Kusuma,22.0,25.9,98,Drizzle,Gerimis ringan,6.2,0.1,22
2026-01-30T04:00,Node_Warkop_Kusuma,21.7,25.6,99,Clouds,Cerah berawan,5.0,0.0,20
2026-01-30T05:00,Node_Warkop_Kusuma,21.6,25.6,99,Clouds,Cerah berawan,4.3,0.0,37
2026-01-30T06:00,Node_Warkop_Kusuma,21.7,25.5,100,Clouds,Cerah berawan,6.4,0.0,21
2026-01-30T07:00,Node_Warkop_Kusuma,24.0,28.9,95,Clouds,Cerah berawan,3.8,0.0,38
2026-01-30T08:00,Node_Warkop_Kusuma,25.8,31.3,87,Clouds,Berawan sebagian,1.9,0.0,55
2026-01-30T09:00,Node_Warkop_Kusuma,27.2,32.4,79,Drizzle,Gerimis ringan,3.4,0.1,99
2026-01-30T10:00,Node_Warkop_Kusuma,28.6,34.3,74,Drizzle,Gerimis ringan,7.9,0.1,100
2026-01-30T11:00,Node_Warkop_Kusuma,29.6,35.7,71,Drizzle,Gerimis ringan,10.3,0.1,86
2026-01-30T12:00,Node_Warkop_Kusuma,30.5,36.9,68,Drizzle,Gerimis ringan,11.2,0.1,85
2026-01-30T13:00,Node_Warkop_Kusuma,30.3,35.9,68,Rain,Hujan lebat,11.1,8.6,100
2026-01-30T14:00,Node_Warkop_Kusuma,28.9,32.6,70,Drizzle,Gerimis,11.7,0.8,100
2026-01-30T15:00,Node_Warkop_Kusuma,28.5,33.1,73,Drizzle,Gerimis ringan,7.3,0.1,100
2026-01-30T16:00,Node_Warkop_Kusuma,25.7,30.5,86,Rain,Hujan lebat,5.1,11.5,100
2026-01-30T17:00,Node_Warkop_Kusuma,25.2,30.4,90,Drizzle,Gerimis,3.8,0.6,100
2026-01-30T18:00,Node_Warkop_Kusuma,24.8,29.5,93,Drizzle,Gerimis ringan,7.5,0.2,100
2026-01-30T19:00,Node_Warkop_Kusuma,24.1,28.4,94,Drizzle,Gerimis ringan,8.8,0.4,100
2026-01-30T20:00,Node_Warkop_Kusuma,23.9,28.4,95,Drizzle,Gerimis ringan,6.8,0.2,100
2026-01-30T21:00,Node_Warkop_Kusuma,23.5,28.2,97,Drizzle,Gerimis ringan,5.0,0.3,100
2026-01-30T22:00,Node_Warkop_Kusuma,23.5,28.3,98,Clouds,Mendung,4.8,0.0,100
2026-01-30T23:00,Node_Warkop_Kusuma,23.5,28.9,99,Clouds,Mendung,1.5,0.0,100
2026-01-31T00:00,Node_Warkop_Kusuma,23.2,28.5,100,Drizzle,Gerimis ringan,2.8,0.1,100
2026-01-31T01:00,Node_Warkop_Kusuma,23.4,28.5,100,Drizzle,Gerimis ringan,4.3,0.1,100
2026-01-31T02:00,Node_Warkop_Kusuma,23.5,28.5,99,Clouds,Mendung,4.5,0.0,100
2026-01-31T03:00,Node_Warkop_Kusuma,23.3,28.5,99,Clouds,Mendung,2.5,0.0,100
2026-01-31T04:00,Node_Warkop_Kusuma,23.0,28.1,99,Clouds,Mendung,2.1,0.0,84
2026-01-31T05:00,Node_Warkop_Kusuma,22.8,28.0,100,Clouds,Mendung,0.7,0.0,100
2026-01-31T06:00,Node_Warkop_Kusuma,23.0,28.2,100,Clouds,Mendung,2.5,0.0,100
2026-01-31T07:00,Node_Warkop_Kusuma,24.6,30.0,92,Clouds,Mendung,1.5,0.0,97
2026-01-31T08:00,Node_Warkop_Kusuma,26.4,31.1,82,Clouds,Berawan sebagian,5.0,0.0,74
2026-01-31T09:00,Node_Warkop_Kusuma,27.7,32.2,75,Drizzle,Gerimis ringan,6.2,0.1,49
2026-01-31T10:00,Node_Warkop_Kusuma,28.6,33.6,72,Drizzle,Gerimis ringan,7.3,0.1,25
2026-01-31T11:00,Node_Warkop_Kusuma,29.9,37.2,71,Drizzle,Gerimis ringan,6.5,0.2,100
2026-01-31T12:00,Node_Warkop_Kusuma,29.8,36.1,71,Drizzle,Gerimis ringan,5.8,0.2,100
2026-01-31T13:00,Node_Warkop_Kusuma,27.2,31.9,79,Rain,Hujan,11.1,7.2,90
2026-01-31T14:00,Node_Warkop_Kusuma,29.1,34.3,74,Drizzle,Gerimis,7.9,0.6,96
2026-01-31T15:00,Node_Warkop_Kusuma,29.1,34.8,74,Drizzle,Gerimis ringan,8.1,0.2,100
2026-01-31T16:00,Node_Warkop_Kusuma,28.5,33.6,76,Drizzle,Gerimis ringan,5.2,0.1,94
2026-01-31T17:00,Node_Warkop_Kusuma,25.9,30.8,84,Drizzle,Gerimis ringan,3.9,0.1,100
2026-01-31T18:00,Node_Warkop_Kusuma,24.0,28.2,92,Drizzle,Gerimis lebat,7.8,1.2,99
2026-01-31T19:00,Node_Warkop_Kusuma,24.8,29.7,92,Drizzle,Gerimis ringan,5.5,0.3,100
2026-01-31T20:00,Node_Warkop_Kusuma,24.5,29.6,95,Clouds,Mendung,5.4,0.0,100
2026-01-31T21:00,Node_Warkop_Kusuma,24.0,28.9,98,Clouds,Mendung,6.3,0.0,99
2026-01-31T22:00,Node_Warkop_Kusuma,23.5,28.8,99,Clouds,Mendung,2.7,0.0,81
2026-01-31T23:00,Node_Warkop_Kusuma,23.5,29.1,99,Clouds,Berawan sebagian,0.6,0.0,66
2026-02-01T00:00,Node_Warkop_Kusuma,23.2,28.7,100,Clouds,Mendung,1.3,0.0,100
2026-02-01T01:00,Node_Warkop_Kusuma,23.6,29.2,98,Clouds,Mendung,0.4,0.0,99
2026-02-01T02:00,Node_Warkop_Kusuma,23.5,28.6,99,Clouds,Mendung,4.7,0.0,100
2026-02-01T03:00,Node_Warkop_Kusuma,23.2,28.1,100,Clouds,Mendung,5.7,0.0,100
2026-02-01T04:00,Node_Warkop_Kusuma,23.1,27.1,98,Drizzle,Gerimis ringan,8.9,0.1,100
2026-02-01T05:00,Node_Warkop_Kusuma,22.9,27.0,97,Drizzle,Gerimis ringan,7.2,0.1,90
2026-02-01T06:00,Node_Warkop_Kusuma,22.8,26.3,97,Clouds,Cerah berawan,10.3,0.0,24
2026-02-01T07:00,Node_Warkop_Kusuma,22.9,26.0,95,Drizzle,Gerimis ringan,12.0,0.4,88
2026-02-01T08:00,Node_Warkop_Kusuma,23.6,27.3,92,Drizzle,Gerimis lebat,9.2,1.0,88
2026-02-01T09:00,Node_Warkop_Kusuma,25.2,28.4,83,Drizzle,Gerimis ringan,12.1,0.1,53
2026-02-01T10:00,Node_Warkop_Kusuma,27.4,32.3,76,Drizzle,Gerimis ringan,8.8,0.2,65
2026-02-01T11:00,Node_Warkop_Kusuma,28.2,32.7,74,Drizzle,Gerimis ringan,12.8,0.2,85
2026-02-01T12:00,Node_Warkop_Kusuma,29.0,33.9,71,Drizzle,Gerimis ringan,13.2,0.2,91
2026-02-01T13:00,Node_Warkop_Kusuma,28.2,31.9,71,Drizzle,Gerimis ringan,19.9,0.1,82
2026-02-01T14:00,Node_Warkop_Kusuma,28.5,33.0,73,Rain,Hujan ringan,12.5,1.3,90
2026-02-01T15:00,Node_Warkop_Kusuma,26.9,30.4,79,Rain,Hujan,12.9,3.2,100
2026-02-01T16:00,Node_Warkop_Kusuma,27.1,30.3,77,Clouds,Mendung,14.5,0.0,100
2026-02-01T17:00,Node_Warkop_Kusuma,26.7,29.6,77,Drizzle,Gerimis ringan,15.5,0.1,100
2026-02-01T18:00,Node_Warkop_Kusuma,25.6,28.7,80,Clouds,Mendung,12.5,0.0,100
2026-02-01T19:00,Node_Warkop_Kusuma,24.0,28.1,94,Clouds,Mendung,9.8,0.0,100
2026-02-01T20:00,Node_Warkop_Kusuma,23.7,27.8,96,Clouds,Mendung,9.6,0.0,100
2026-02-01T21:00,Node_Warkop_Kusuma,23.5,27.8,97,Clouds,Mendung,8.7,0.0,100
2026-02-01T22:00,Node_Warkop_Kusuma,23.5,28.1,97,Clouds,Mendung,6.4,0.0,100
2026-02-01T23:00,Node_Warkop_Kusuma,23.2,28.1,98,Clouds,Cerah berawan,3.5,0.0,43
2026-02-02T00:00,Node_Warkop_Kusuma,23.0,27.9,98,Clouds,Berawan sebagian,2.3,0.0,62
2026-02-02T01:00,Node_Warkop_Kusuma,23.0,27.3,97,Clouds,Mendung,6.2,0.0,83
2026-02-02T02:00,Node_Warkop_Kusuma,23.0,27.0,93,Drizzle,Gerimis lebat,4.8,1.0,89
2026-02-02T03:00,Node_Warkop_Kusuma,22.7,27.3,97,Drizzle,Gerimis ringan,3.0,0.1,92
2026-02-02T04:00,Node_Warkop_Kusuma,22.5,27.5,99,Clouds,Mendung,0.2,0.0,96
2026-02-02T05:00,Node_Warkop_Kusuma,22.3,27.1,99,Clouds,Mendung,1.8,0.0,99
2026-02-02T06:00,Node_Warkop_Kusuma,22.4,27.0,100,Clouds,Mendung,3.6,0.0,100
2026-02-02T07:00,Node_Warkop_Kusuma,24.2,29.5,94,Clouds,Mendung,2.1,0.0,98
2026-02-02T08:00,Node_Warkop_Kusuma,26.1,31.3,83,Drizzle,Gerimis ringan,2.2,0.1,91
2026-02-02T09:00,Node_Warkop_Kusuma,27.6,33.1,78,Clear,Cerah,2.6,0.0,7
2026-02-02T10:00,Node_Warkop_Kusuma,28.9,35.5,74,Clear,Cerah,4.0,0.0,16
2026-02-02T11:00,Node_Warkop_Kusuma,29.6,36.4,71,Drizzle,Gerimis ringan,5.6,0.1,77
2026-02-02T12:00,Node_Warkop_Kusuma,29.4,35.5,71,Drizzle,Gerimis ringan,7.7,0.2,100
2026-02-02T13:00,Node_Warkop_Kusuma,26.4,30.4,82,Rain,Hujan,12.0,5.4,93
2026-02-02T14:00,Node_Warkop_Kusuma,28.2,32.8,76,Drizzle,Gerimis ringan,8.9,0.1,91
2026-02-02T15:00,Node_Warkop_Kusuma,28.9,32.9,70,Drizzle,Gerimis ringan,9.8,0.1,98
2026-02-02T16:00,Node_Warkop_Kusuma,28.9,31.7,65,Drizzle,Gerimis ringan,13.6,0.1,98
2026-02-02T17:00,Node_Warkop_Kusuma,27.6,31.8,72,Drizzle,Gerimis ringan,5.9,0.1,99
2026-02-02T18:00,Node_Warkop_Kusuma,25.8,30.4,81,Drizzle,Gerimis ringan,3.4,0.1,100
2026-02-02T19:00,Node_Warkop_Kusuma,24.0,29.1,96,Clouds,Mendung,3.6,0.0,100
2026-02-02T20:00,Node_Warkop_Kusuma,23.6,29.2,98,Clouds,Mendung,1.0,0.0,100
2026-02-02T21:00,Node_Warkop_Kusuma,23.4,28.6,99,Clouds,Mendung,1.8,0.0,100
2026-02-02T22:00,Node_Warkop_Kusuma,23.2,28.5,99,Drizzle,Gerimis ringan,1.7,0.1,100
2026-02-02T23:00,Node_Warkop_Kusuma,23.0,28.5,99,Clouds,Mendung,0.3,0.0,100
2026-02-03T00:00,Node_Warkop_Kusuma,22.9,28.2,100,Drizzle,Gerimis ringan,0.8,0.1,100
2026-02-03T01:00,Node_Warkop_Kusuma,23.1,28.1,100,Clouds,Mendung,4.1,0.0,99
2026-02-03T02:00,Node_Warkop_Kusuma,23.2,28.7,100,Clouds,Mendung,0.4,0.0,100
2026-02-03T03:00,Node_Warkop_Kusuma,22.8,27.7,100,Clouds,Mendung,3.1,0.0,100
2026-02-03T04:00,Node_Warkop_Kusuma,22.8,27.5,99,Clouds,Mendung,4.2,0.0,95
2026-02-03T05:00,Node_Warkop_Kusuma,22.6,27.0,99,Clouds,Mendung,5.6,0.0,92
2026-02-03T06:00,Node_Warkop_Kusuma,22.6,26.8,98,Clouds,Mendung,6.3,0.0,80
2026-02-03T07:00,Node_Warkop_Kusuma,24.3,29.8,98,Clouds,Mendung,3.9,0.0,88
2026-02-03T08:00,Node_Warkop_Kusuma,25.8,31.5,90,Drizzle,Gerimis ringan,2.2,0.1,99
2026-02-03T09:00,Node_Warkop_Kusuma,27.0,33.1,85,Drizzle,Gerimis ringan,1.5,0.1,42
2026-02-03T10:00,Node_Warkop_Kusuma,28.5,35.2,78,Drizzle,Gerimis ringan,5.9,0.3,49
2026-02-03T11:00,Node_Warkop_Kusuma,29.7,35.7,67,Drizzle,Gerimis ringan,8.4,0.2,53
2026-02-03T12:00,Node_Warkop_Kusuma,29.8,34.8,65,Drizzle,Gerimis ringan,12.5,0.1,97
2026-02-03T13:00,Node_Warkop_Kusuma,28.7,32.8,71,Rain,Hujan lebat,10.1,9.5,74
2026-02-03T14:00,Node_Warkop_Kusuma,29.4,33.9,68,Drizzle,Gerimis ringan,12.4,0.1,94
2026-02-03T15:00,Node_Warkop_Kusuma,27.5,32.0,77,Rain,Hujan,8.4,5.9,98
2026-02-03T16:00,Node_Warkop_Kusuma,26.9,30.1,76,Drizzle,Gerimis ringan,12.4,0.2,96
2026-02-03T17:00,Node_Warkop_Kusuma,25.9,29.6,82,Clouds,Mendung,9.8,0.0,100
2026-02-03T18:00,Node_Warkop_Kusuma,24.4,28.2,91,Drizzle,Gerimis ringan,10.1,0.4,100
2026-02-03T19:00,Node_Warkop_Kusuma,24.2,28.3,93,Clouds,Mendung,10.0,0.0,99
2026-02-03T20:00,Node_Warkop_Kusuma,23.9,28.0,95,Clouds,Mendung,9.7,0.0,100
2026-02-03T21:00,Node_Warkop_Kusuma,23.6,27.3,96,Clouds,Mendung,12.2,0.0,100
2026-02-03T22:00,Node_Warkop_Kusuma,23.4,27.2,96,Clouds,Mendung,10.5,0.0,100
2026-02-03T23:00,Node_Warkop_Kusuma,23.0,26.7,96,Clouds,Berawan sebagian,10.6,0.0,65
2026-02-04T00:00,Node_Warkop_Kusuma,22.8,26.6,97,Clouds,Cerah berawan,8.8,0.0,38
2026-02-04T01:00,Node_Warkop_Kusuma,23.0,26.5,96,Drizzle,Gerimis ringan,10.2,0.2,95
2026-02-04T02:00,Node_Warkop_Kusuma,23.0,26.1,93,Clouds,Mendung,11.1,0.0,93
2026-02-04T03:00,Node_Warkop_Kusuma,22.7,26.3,95,Clouds,Mendung,8.8,0.0,91
2026-02-04T04:00,Node_Warkop_Kusuma,22.4,25.9,96,Clouds,Mendung,8.7,0.0,89
2026-02-04T05:00,Node_Warkop_Kusuma,22.1,25.6,97,Clouds,Cerah berawan,8.8,0.0,34
2026-02-04T06:00,Node_Warkop_Kusuma,22.2,25.7,97,Clouds,Berawan sebagian,9.0,0.0,75
2026-02-04T07:00,Node_Warkop_Kusuma,24.9,29.6,90,Clouds,Cerah berawan,5.9,0.0,20
2026-02-04T08:00,Node_Warkop_Kusuma,26.5,31.4,83,Clear,Cerah,5.7,0.0,15
2026-02-04T09:00,Node_Warkop_Kusuma,27.8,32.7,79,Drizzle,Gerimis ringan,7.5,0.1,10
2026-02-04T10:00,Node_Warkop_Kusuma,29.0,35.0,73,Drizzle,Gerimis ringan,8.3,0.2,32
2026-02-04T11:00,Node_Warkop_Kusuma,30.0,35.9,66,Drizzle,Gerimis ringan,10.9,0.1,60
2026-02-04T12:00,Node_Warkop_Kusuma,29.7,34.9,67,Drizzle,Gerimis ringan,10.8,0.1,100
2026-02-04T13:00,Node_Warkop_Kusuma,29.7,33.8,71,Rain,Hujan,13.1,5.7,79
2026-02-04T14:00,Node_Warkop_Kusuma,28.1,33.4,76,Drizzle,Gerimis ringan,3.7,0.2,79
2026-02-04T15:00,Node_Warkop_Kusuma,25.2,28.8,84,Rain,Hujan,10.6,3.7,98
2026-02-04T16:00,Node_Warkop_Kusuma,25.5,29.7,81,Drizzle,Gerimis,4.8,0.5,98
2026-02-04T17:00,Node_Warkop_Kusuma,24.8,28.7,84,Drizzle,Gerimis,6.4,0.6,99
2026-02-04T18:00,Node_Warkop_Kusuma,24.0,28.8,91,Drizzle,Gerimis ringan,2.2,0.1,100
2026-02-04T19:00,Node_Warkop_Kusuma,22.9,28.0,98,Clouds,Mendung,1.4,0.0,100
2026-02-04T20:00,Node_Warkop_Kusuma,22.9,28.0,98,Drizzle,Gerimis ringan,1.2,0.1,100
2026-02-04T21:00,Node_Warkop_Kusuma,22.8,27.9,98,Clouds,Mendung,0.6,0.0,100
2026-02-04T22:00,Node_Warkop_Kusuma,22.7,27.6,100,Clouds,Mendung,2.6,0.0,100
2026-02-04T23:00,Node_Warkop_Kusuma,22.6,27.7,100,Clouds,Mendung,1.9,0.0,100
2026-02-05T00:00,Node_Warkop_Kusuma,22.8,27.9,100,Clouds,Mendung,1.5,0.0,100
2026-02-05T01:00,Node_Warkop_Kusuma,23.0,27.9,100,Clouds,Mendung,3.8,0.0,100
2026-02-05T02:00,Node_Warkop_Kusuma,23.0,28.0,100,Drizzle,Gerimis ringan,2.7,0.1,100
2026-02-05T03:00,Node_Warkop_Kusuma,22.9,27.9,99,Drizzle,Gerimis,2.5,0.5,100
2026-02-05T04:00,Node_Warkop_Kusuma,22.8,28.1,99,Clouds,Mendung,0.0,0.0,100
2026-02-05T05:00,Node_Warkop_Kusuma,22.7,27.6,98,Drizzle,Gerimis,1.5,0.7,100
2026-02-05T06:00,Node_Warkop_Kusuma,23.0,27.6,95,Drizzle,Gerimis,2.2,0.7,100
2026-02-05T07:00,Node_Warkop_Kusuma,24.0,29.5,98,Clouds,Mendung,2.9,0.0,100
2026-02-05T08:00,Node_Warkop_Kusuma,25.6,31.3,92,Clouds,Mendung,3.3,0.0,98
2026-02-05T09:00,Node_Warkop_Kusuma,27.3,31.9,80,Clouds,Mendung,7.9,0.0,99
2026-02-05T10:00,Node_Warkop_Kusuma,28.2,32.6,74,Clouds,Mendung,9.4,0.0,100
2026-02-05T11:00,Node_Warkop_Kusuma,28.9,33.7,72,Clouds,Mendung,7.7,0.0,100
2026-02-05T12:00,Node_Warkop_Kusuma,28.5,32.8,70,Drizzle,Gerimis ringan,12.5,0.2,100
2026-02-05T13:00,Node_Warkop_Kusuma,28.5,31.9,70,Drizzle,Gerimis,12.9,0.9,100
2026-02-05T14:00,Node_Warkop_Kusuma,28.0,32.7,73,Drizzle,Gerimis ringan,5.3,0.2,100
2026-02-05T15:00,Node_Warkop_Kusuma,27.1,31.2,77,Drizzle,Gerimis ringan,7.9,0.3,100
2026-02-05T16:00,Node_Warkop_Kusuma,27.5,31.4,76,Drizzle,Gerimis ringan,9.8,0.1,100
2026-02-05T17:00,Node_Warkop_Kusuma,26.7,30.4,78,Clouds,Mendung,9.8,0.0,100
2026-02-05T18:00,Node_Warkop_Kusuma,25.5,29.4,84,Clouds,Mendung,8.9,0.0,100
2026-02-05T19:00,Node_Warkop_Kusuma,23.6,28.3,98,Clouds,Mendung,6.7,0.0,100
2026-02-05T20:00,Node_Warkop_Kusuma,23.6,29.1,96,Clouds,Mendung,0.7,0.0,100
2026-02-05T21:00,Node_Warkop_Kusuma,23.5,28.8,98,Clouds,Mendung,1.9,0.0,100
2026-02-05T22:00,Node_Warkop_Kusuma,23.5,28.6,98,Clouds,Mendung,2.9,0.0,100
2026-02-05T23:00,Node_Warkop_Kusuma,23.4,27.8,98,Clouds,Mendung,6.7,0.0,100
2026-02-06T00:00,Node_Warkop_Kusuma,23.1,27.4,97,Clouds,Mendung,6.8,0.0,100
2026-02-06T01:00,Node_Warkop_Kusuma,23.5,27.9,97,Clouds,Mendung,7.2,0.0,99
2026-02-06T02:00,Node_Warkop_Kusuma,23.5,27.8,96,Clouds,Berawan sebagian,7.7,0.0,62
2026-02-06T03:00,Node_Warkop_Kusuma,23.1,27.2,97,Clouds,Berawan sebagian,8.5,0.0,73
2026-02-06T04:00,Node_Warkop_Kusuma,22.8,27.3,98,Clouds,Berawan sebagian,5.0,0.0,70
2026-02-06T05:00,Node_Warkop_Kusuma,22.4,27.1,99,Clouds,Mendung,2.5,0.0,85
2026-02-06T06:00,Node_Warkop_Kusuma,22.6,27.2,99,Clouds,Cerah berawan,4.0,0.0,39
2026-02-06T07:00,Node_Warkop_Kusuma,24.1,29.5,95,Clouds,Cerah berawan,1.7,0.0,48
2026-02-06T08:00,Node_Warkop_Kusuma,25.8,31.4,88,Drizzle,Gerimis ringan,1.6,0.1,100
2026-02-06T09:00,Node_Warkop_Kusuma,27.2,32.0,79,Clouds,Cerah berawan,6.0,0.0,38
2026-02-06T10:00,Node_Warkop_Kusuma,28.5,33.5,73,Drizzle,Gerimis ringan,10.3,0.2,48
2026-02-06T11:00,Node_Warkop_Kusuma,29.5,34.1,67,Clouds,Berawan sebagian,12.9,0.0,70
2026-02-06T12:00,Node_Warkop_Kusuma,30.0,35.4,65,Drizzle,Gerimis ringan,12.1,0.1,61
2026-02-06T13:00,Node_Warkop_Kusuma,28.9,33.8,70,Rain,Hujan ringan,8.9,2.1,62
2026-02-06T14:00,Node_Warkop_Kusuma,29.6,34.5,68,Clouds,Mendung,6.4,0.0,91
2026-02-06T15:00,Node_Warkop_Kusuma,26.5,31.0,81,Rain,Hujan,6.5,3.7,100
2026-02-06T16:00,Node_Warkop_Kusuma,25.6,30.3,84,Drizzle,Gerimis,4.8,0.5,100
2026-02-06T17:00,Node_Warkop_Kusuma,25.2,30.0,87,Drizzle,Gerimis ringan,5.1,0.3,99
2026-02-06T18:00,Node_Warkop_Kusuma,24.6,29.7,91,Drizzle,Gerimis ringan,2.4,0.1,100
2026-02-06T19:00,Node_Warkop_Kusuma,23.8,27.9,94,Clouds,Mendung,8.5,0.0,99
2026-02-06T20:00,Node_Warkop_Kusuma,23.6,27.9,96,Drizzle,Gerimis ringan,7.7,0.1,100
2026-02-06T21:00,Node_Warkop_Kusuma,23.4,28.1,98,Clouds,Mendung,5.4,0.0,100
2026-02-06T22:00,Node_Warkop_Kusuma,23.5,27.9,98,Clouds,Mendung,7.6,0.0,100
2026-02-06T23:00,Node_Warkop_Kusuma,23.3,27.8,99,Clouds,Mendung,7.0,0.0,100
2026-02-07T00:00,Node_Warkop_Kusuma,23.0,28.0,99,Clouds,Mendung,3.5,0.0,100
2026-02-07T01:00,Node_Warkop_Kusuma,23.5,28.8,99,Clouds,Mendung,2.1,0.0,100
2026-02-07T02:00,Node_Warkop_Kusuma,23.3,28.1,100,Clouds,Mendung,6.0,0.0,93
2026-02-07T03:00,Node_Warkop_Kusuma,23.0,28.0,100,Clouds,Mendung,3.0,0.0,100
2026-02-07T04:00,Node_Warkop_Kusuma,23.0,28.0,99,Clouds,Mendung,2.6,0.0,100
2026-02-07T05:00,Node_Warkop_Kusuma,22.8,27.7,97,Clouds,Mendung,1.5,0.0,99
2026-02-07T06:00,Node_Warkop_Kusuma,23.0,28.0,97,Clouds,Mendung,1.3,0.0,99
2026-02-07T07:00,Node_Warkop_Kusuma,24.5,29.9,94,Clouds,Mendung,2.6,0.0,100
2026-02-07T08:00,Node_Warkop_Kusuma,26.0,31.3,84,Clouds,Mendung,2.7,0.0,100
2026-02-07T09:00,Node_Warkop_Kusuma,27.6,32.7,75,Drizzle,Gerimis ringan,1.9,0.2,100
2026-02-07T10:00,Node_Warkop_Kusuma,28.4,33.6,72,Drizzle,Gerimis ringan,2.1,0.1,100
2026-02-07T11:00,Node_Warkop_Kusuma,29.1,35.3,71,Drizzle,Gerimis ringan,6.3,0.1,94
2026-02-07T12:00,Node_Warkop_Kusuma,29.2,35.1,71,Drizzle,Gerimis ringan,9.0,0.1,98
2026-02-07T13:00,Node_Warkop_Kusuma,28.3,32.4,72,Rain,Hujan,12.1,6.5,100
2026-02-07T14:00,Node_Warkop_Kusuma,28.0,33.3,76,Drizzle,Gerimis ringan,2.5,0.4,100
2026-02-07T15:00,Node_Warkop_Kusuma,27.4,32.3,80,Drizzle,Gerimis lebat,6.3,1.0,100
2026-02-07T16:00,Node_Warkop_Kusuma,25.5,29.0,83,Rain,Hujan,10.4,5.9,100
2026-02-07T17:00,Node_Warkop_Kusuma,25.2,29.7,85,Drizzle,Gerimis ringan,5.4,0.1,100
2026-02-07T18:00,Node_Warkop_Kusuma,24.6,29.6,89,Drizzle,Gerimis,2.8,0.5,100
2026-02-07T19:00,Node_Warkop_Kusuma,23.9,28.9,98,Drizzle,Gerimis ringan,5.8,0.4,100
2026-02-07T20:00,Node_Warkop_Kusuma,23.4,28.3,100,Rain,Hujan ringan,5.4,1.8,100
2026-02-07T21:00,Node_Warkop_Kusuma,23.5,28.4,99,Drizzle,Gerimis ringan,6.0,0.1,100
2026-02-07T22:00,Node_Warkop_Kusuma,23.2,28.7,99,Clouds,Mendung,0.4,0.0,100
2026-02-07T23:00,Node_Warkop_Kusuma,23.2,28.8,100,Clouds,Mendung,0.4,0.0,100
2026-02-08T00:00,Node_Warkop_Kusuma,23.3,28.8,100,Clouds,Mendung,0.9,0.0,100
2026-02-08T01:00,Node_Warkop_Kusuma,23.3,28.6,100,Clouds,Mendung,2.5,0.0,100
2026-02-08T02:00,Node_Warkop_Kusuma,23.2,28.4,99,Clouds,Mendung,2.9,0.0,100
2026-02-08T03:00,Node_Warkop_Kusuma,23.0,27.5,99,Clouds,Mendung,5.7,0.0,100
2026-02-08T04:00,Node_Warkop_Kusuma,22.5,27.0,100,Clouds,Mendung,5.4,0.0,100
2026-02-08T05:00,Node_Warkop_Kusuma,22.4,27.0,99,Clouds,Mendung,3.5,0.0,100
2026-02-08T06:00,Node_Warkop_Kusuma,22.4,27.4,99,Clouds,Mendung,0.3,0.0,100
2026-02-08T07:00,Node_Warkop_Kusuma,24.0,29.1,96,Clouds,Mendung,3.1,0.0,100
2026-02-08T08:00,Node_Warkop_Kusuma,25.8,30.4,86,Clouds,Mendung,6.6,0.0,100
2026-02-08T09:00,Node_Warkop_Kusuma,27.5,32.4,78,Drizzle,Gerimis ringan,5.5,0.1,98
2026-02-08T10:00,Node_Warkop_Kusuma,28.8,34.8,74,Drizzle,Gerimis ringan,3.0,0.1,99
2026-02-08T11:00,Node_Warkop_Kusuma,29.7,36.9,71,Drizzle,Gerimis ringan,3.7,0.1,100
2026-02-08T12:00,Node_Warkop_Kusuma,29.0,35.7,73,Rain,Hujan,5.8,2.5,100
2026-02-08T13:00,Node_Warkop_Kusuma,29.5,34.4,69,Rain,Hujan,7.2,3.9,100
2026-02-08T14:00,Node_Warkop_Kusuma,26.4,30.4,82,Drizzle,Gerimis ringan,10.6,0.2,100
2026-02-08T15:00,Node_Warkop_Kusuma,26.5,32.1,82,Drizzle,Gerimis lebat,1.1,1.1,100
2026-02-08T16:00,Node_Warkop_Kusuma,27.0,31.9,79,Clouds,Mendung,4.7,0.0,100
2026-02-08T17:00,Node_Warkop_Kusuma,26.4,30.9,83,Clouds,Mendung,8.0,0.0,100
2026-02-08T18:00,Node_Warkop_Kusuma,25.5,30.7,89,Clouds,Mendung,4.7,0.0,100
2026-02-08T19:00,Node_Warkop_Kusuma,24.9,30.4,97,Clouds,Mendung,5.8,0.0,100
2026-02-08T20:00,Node_Warkop_Kusuma,24.6,30.0,98,Drizzle,Gerimis ringan,5.6,0.1,100
2026-02-08T21:00,Node_Warkop_Kusuma,24.4,30.0,99,Clouds,Mendung,3.4,0.0,100
2026-02-08T22:00,Node_Warkop_Kusuma,24.0,29.4,99,Clouds,Mendung,3.1,0.0,100
2026-02-08T23:00,Node_Warkop_Kusuma,23.9,29.7,99,Clouds,Mendung,0.7,0.0,100
2026-02-09T00:00,Node_Warkop_Kusuma,23.8,29.1,96,Drizzle,Gerimis ringan,1.7,0.4,100
2026-02-09T01:00,Node_Warkop_Kusuma,23.0,27.4,100,Drizzle,Gerimis ringan,6.8,0.1,100
2026-02-09T02:00,Node_Warkop_Kusuma,23.6,28.6,97,Drizzle,Gerimis ringan,3.8,0.1,100
2026-02-09T03:00,Node_Warkop_Kusuma,23.2,27.9,100,Clouds,Mendung,6.4,0.0,100
2026-02-09T04:00,Node_Warkop_Kusuma,23.1,27.9,99,Clouds,Mendung,4.8,0.0,98
2026-02-09T05:00,Node_Warkop_Kusuma,22.5,27.3,100,Clouds,Mendung,3.0,0.0,93
2026-02-09T06:00,Node_Warkop_Kusuma,22.6,27.1,99,Clouds,Mendung,4.6,0.0,90
2026-02-09T07:00,Node_Warkop_Kusuma,24.8,28.8,91,Clouds,Mendung,10.9,0.0,97
2026-02-09T08:00,Node_Warkop_Kusuma,26.0,29.6,85,Clouds,Mendung,14.7,0.0,98
2026-02-09T09:00,Node_Warkop_Kusuma,27.4,31.3,79,Drizzle,Gerimis ringan,12.2,0.1,100
2026-02-09T10:00,Node_Warkop_Kusuma,28.2,33.2,76,Drizzle,Gerimis ringan,10.4,0.2,99
2026-02-09T11:00,Node_Warkop_Kusuma,28.0,33.4,80,Drizzle,Gerimis ringan,7.5,0.3,99
2026-02-09T12:00,Node_Warkop_Kusuma,28.0,32.9,79,Drizzle,Gerimis ringan,11.6,0.1,100
2026-02-09T13:00,Node_Warkop_Kusuma,27.9,32.8,76,Drizzle,Gerimis ringan,9.7,0.4,99
2026-02-09T14:00,Node_Warkop_Kusuma,28.5,34.2,75,Drizzle,Gerimis ringan,4.3,0.1,100
2026-02-09T15:00,Node_Warkop_Kusuma,27.0,32.2,81,Drizzle,Gerimis ringan,3.4,0.1,100
2026-02-09T16:00,Node_Warkop_Kusuma,25.8,31.1,87,Rain,Hujan ringan,3.7,1.9,100
2026-02-09T17:00,Node_Warkop_Kusuma,24.0,28.7,92,Rain,Hujan,4.2,6.7,100
2026-02-09T18:00,Node_Warkop_Kusuma,23.8,28.8,94,Drizzle,Gerimis,2.2,0.8,100
2026-02-09T19:00,Node_Warkop_Kusuma,24.6,30.4,94,Drizzle,Gerimis ringan,1.4,0.1,100
2026-02-09T20:00,Node_Warkop_Kusuma,24.2,29.8,96,Clouds,Mendung,1.9,0.0,100
2026-02-09T21:00,Node_Warkop_Kusuma,24.0,29.5,98,Clouds,Mendung,3.0,0.0,100
2026-02-09T22:00,Node_Warkop_Kusuma,23.6,29.0,100,Clouds,Mendung,3.2,0.0,100
2026-02-09T23:00,Node_Warkop_Kusuma,23.3,28.8,100,Clouds,Mendung,1.3,0.0,100
2026-02-10T00:00,Node_Warkop_Kusuma,23.2,28.6,100,Clouds,Mendung,1.3,0.0,100
2026-02-10T01:00,Node_Warkop_Kusuma,23.4,28.6,99,Clouds,Mendung,2.3,0.0,100
2026-02-10T02:00,Node_Warkop_Kusuma,23.2,28.4,99,Clouds,Mendung,2.4,0.0,100
2026-02-10T03:00,Node_Warkop_Kusuma,23.0,28.2,99,Clouds,Mendung,1.1,0.0,100
2026-02-10T04:00,Node_Warkop_Kusuma,22.9,27.7,99,Clouds,Mendung,3.1,0.0,100
2026-02-10T05:00,Node_Warkop_Kusuma,22.5,27.3,99,Clouds,Mendung,2.5,0.0,100
2026-02-10T06:00,Node_Warkop_Kusuma,22.7,27.2,99,Clouds,Mendung,5.1,0.0,100
2026-02-10T07:00,Node_Warkop_Kusuma,24.2,29.6,98,Clouds,Mendung,3.6,0.0,100
2026-02-10T08:00,Node_Warkop_Kusuma,25.5,31.0,90,Drizzle,Gerimis ringan,2.4,0.2,100
2026-02-10T09:00,Node_Warkop_Kusuma,26.5,31.8,84,Drizzle,Gerimis ringan,3.6,0.1,87
2026-02-10T10:00,Node_Warkop_Kusuma,28.2,34.1,75,Drizzle,Gerimis ringan,4.4,0.2,98
2026-02-10T11:00,Node_Warkop_Kusuma,29.0,35.4,70,Drizzle,Gerimis ringan,5.5,0.2,98
2026-02-10T12:00,Node_Warkop_Kusuma,29.5,34.7,66,Drizzle,Gerimis ringan,6.6,0.1,100
2026-02-10T13:00,Node_Warkop_Kusuma,30.5,34.8,59,Drizzle,Gerimis,6.8,0.6,100
2026-02-10T14:00,Node_Warkop_Kusuma,29.9,33.8,61,Clouds,Mendung,9.3,0.0,100
2026-02-10T15:00,Node_Warkop_Kusuma,29.0,33.2,69,Drizzle,Gerimis ringan,7.4,0.2,100
2026-02-10T16:00,Node_Warkop_Kusuma,25.0,29.5,86,Rain,Hujan lebat,5.3,8.4,100
2026-02-10T17:00,Node_Warkop_Kusuma,24.6,28.6,88,Drizzle,Gerimis ringan,7.7,0.4,100
2026-02-10T18:00,Node_Warkop_Kusuma,24.0,28.8,91,Drizzle,Gerimis ringan,3.1,0.1,100
2026-02-10T19:00,Node_Warkop_Kusuma,24.2,29.9,95,Clouds,Mendung,0.9,0.0,100
2026-02-10T20:00,Node_Warkop_Kusuma,24.3,29.8,97,Drizzle,Gerimis ringan,3.3,0.1,100
2026-02-10T21:00,Node_Warkop_Kusuma,24.0,29.5,98,Clouds,Mendung,2.8,0.0,100
2026-02-10T22:00,Node_Warkop_Kusuma,23.9,29.4,99,Clouds,Mendung,2.6,0.0,100
2026-02-10T23:00,Node_Warkop_Kusuma,23.6,28.6,99,Clouds,Mendung,5.4,0.0,100
2026-02-11T00:00,Node_Warkop_Kusuma,23.5,28.6,99,Clouds,Mendung,4.3,0.0,100
2026-02-11T01:00,Node_Warkop_Kusuma,23.5,28.0,100,Clouds,Mendung,8.1,0.0,100
2026-02-11T02:00,Node_Warkop_Kusuma,23.6,27.8,99,Drizzle,Gerimis ringan,10.5,0.3,100
2026-02-11T03:00,Node_Warkop_Kusuma,23.5,27.7,99,Drizzle,Gerimis,9.4,0.9,100
2026-02-11T04:00,Node_Warkop_Kusuma,23.2,27.4,99,Drizzle,Gerimis ringan,9.4,0.2,100
2026-02-11T05:00,Node_Warkop_Kusuma,23.1,27.4,99,Drizzle,Gerimis ringan,8.5,0.2,100
2026-02-11T06:00,Node_Warkop_Kusuma,23.1,27.8,99,Clouds,Mendung,5.9,0.0,100
2026-02-11T07:00,Node_Warkop_Kusuma,24.2,29.8,97,Clouds,Mendung,2.9,0.0,100
2026-02-11T08:00,Node_Warkop_Kusuma,25.8,31.8,91,Drizzle,Gerimis ringan,1.3,0.1,98
2026-02-11T09:00,Node_Warkop_Kusuma,27.1,33.3,85,Drizzle,Gerimis ringan,1.5,0.3,99
2026-02-11T10:00,Node_Warkop_Kusuma,28.6,36.1,77,Drizzle,Gerimis ringan,1.5,0.2,77
2026-02-11T11:00,Node_Warkop_Kusuma,29.5,36.5,72,Drizzle,Gerimis ringan,3.5,0.2,76
2026-02-11T12:00,Node_Warkop_Kusuma,29.6,35.7,70,Drizzle,Gerimis ringan,5.3,0.1,95
2026-02-11T13:00,Node_Warkop_Kusuma,27.5,31.8,78,Rain,Hujan,14.8,4.6,100
2026-02-11T14:00,Node_Warkop_Kusuma,27.2,32.9,81,Rain,Hujan lebat,1.0,7.7,100
2026-02-11T15:00,Node_Warkop_Kusuma,25.5,30.4,87,Rain,Hujan ringan,4.6,1.6,100
2026-02-11T16:00,Node_Warkop_Kusuma,25.3,30.5,88,Rain,Hujan ringan,2.5,1.6,100
2026-02-11T17:00,Node_Warkop_Kusuma,25.0,30.1,86,Drizzle,Gerimis,1.3,0.9,100
2026-02-11T18:00,Node_Warkop_Kusuma,24.5,29.5,92,Drizzle,Gerimis ringan,3.3,0.2,100
2026-02-11T19:00,Node_Warkop_Kusuma,24.7,30.6,95,Drizzle,Gerimis ringan,0.6,0.1,100
2026-02-11T20:00,Node_Warkop_Kusuma,24.4,30.2,96,Clouds,Mendung,0.5,0.0,100
2026-02-11T21:00,Node_Warkop_Kusuma,24.2,30.2,98,Clouds,Mendung,0.9,0.0,100
2026-02-11T22:00,Node_Warkop_Kusuma,23.8,29.7,100,Clouds,Mendung,0.3,0.0,100
2026-02-11T23:00,Node_Warkop_Kusuma,23.4,29.1,100,Clouds,Mendung,0.3,0.0,100
2026-02-12T00:00,Node_Warkop_Kusuma,23.0,28.3,100,Clouds,Mendung,1.6,0.0,100
2026-02-12T01:00,Node_Warkop_Kusuma,23.4,28.5,100,Clouds,Mendung,4.2,0.0,100
2026-02-12T02:00,Node_Warkop_Kusuma,23.3,28.3,100,Clouds,Mendung,4.6,0.0,100
2026-02-12T03:00,Node_Warkop_Kusuma,23.2,27.5,100,Clouds,Mendung,9.0,0.0,100
2026-02-12T04:00,Node_Warkop_Kusuma,23.1,27.2,98,Clouds,Mendung,8.8,0.0,100
2026-02-12T05:00,Node_Warkop_Kusuma,23.0,26.8,98,Clouds,Mendung,9.9,0.0,100
2026-02-12T06:00,Node_Warkop_Kusuma,23.0,26.8,98,Clouds,Mendung,9.3,0.0,100
2026-02-12T07:00,Node_Warkop_Kusuma,24.4,29.3,96,Clouds,Mendung,5.9,0.0,100
2026-02-12T08:00,Node_Warkop_Kusuma,26.5,31.9,87,Drizzle,Gerimis ringan,5.8,0.1,70
2026-02-12T09:00,Node_Warkop_Kusuma,28.0,33.6,82,Drizzle,Gerimis ringan,7.4,0.2,98
2026-02-12T10:00,Node_Warkop_Kusuma,29.2,35.1,73,Drizzle,Gerimis ringan,8.5,0.1,89
2026-02-12T11:00,Node_Warkop_Kusuma,30.2,36.2,67,Drizzle,Gerimis ringan,11.3,0.1,100
2026-02-12T12:00,Node_Warkop_Kusuma,27.0,31.2,79,Rain,Hujan lebat,14.2,11.2,100
2026-02-12T13:00,Node_Warkop_Kusuma,28.1,31.3,73,Rain,Hujan,15.4,4.5,100
2026-02-12T14:00,Node_Warkop_Kusuma,27.7,32.4,78,Drizzle,Gerimis ringan,7.7,0.4,100
2026-02-12T15:00,Node_Warkop_Kusuma,26.4,30.9,83,Rain,Hujan,7.7,3.1,100
2026-02-12T16:00,Node_Warkop_Kusuma,25.4,28.9,86,Rain,Hujan,13.0,4.0,100
2026-02-12T17:00,Node_Warkop_Kusuma,25.3,29.5,88,Clouds,Mendung,10.1,0.0,100
2026-02-12T18:00,Node_Warkop_Kusuma,24.4,28.7,94,Clouds,Mendung,8.6,0.0,100
2026-02-12T19:00,Node_Warkop_Kusuma,24.1,28.8,96,Drizzle,Gerimis ringan,7.3,0.1,100
2026-02-12T20:00,Node_Warkop_Kusuma,24.0,28.4,96,Clouds,Mendung,8.6,0.0,100
2026-02-12T21:00,Node_Warkop_Kusuma,24.0,28.5,95,Clouds,Mendung,7.2,0.0,100
2026-02-12T22:00,Node_Warkop_Kusuma,23.6,27.8,97,Drizzle,Gerimis ringan,9.0,0.1,98
2026-02-12T23:00,Node_Warkop_Kusuma,23.2,27.6,98,Clouds,Mendung,7.3,0.0,97
2026-02-13T00:00,Node_Warkop_Kusuma,23.0,27.0,99,Clouds,Mendung,9.7,0.0,91
2026-02-13T01:00,Node_Warkop_Kusuma,22.9,26.3,96,Drizzle,Gerimis lebat,11.7,1.0,100
2026-02-13T02:00,Node_Warkop_Kusuma,22.6,25.2,95,Rain,Hujan,15.1,3.1,100
2026-02-13T03:00,Node_Warkop_Kusuma,22.4,24.7,95,Drizzle,Gerimis lebat,16.0,1.2,100
2026-02-13T04:00,Node_Warkop_Kusuma,22.4,24.7,96,Drizzle,Gerimis ringan,16.4,0.4,100
2026-02-13T05:00,Node_Warkop_Kusuma,22.2,24.9,96,Drizzle,Gerimis,14.2,0.6,100
2026-02-13T06:00,Node_Warkop_Kusuma,22.5,25.3,96,Drizzle,Gerimis ringan,13.5,0.1,100
2026-02-13T07:00,Node_Warkop_Kusuma,22.6,25.7,96,Drizzle,Gerimis ringan,12.7,0.1,100
2026-02-13T08:00,Node_Warkop_Kusuma,23.9,28.0,96,Drizzle,Gerimis,10.6,0.6,100
2026-02-13T09:00,Node_Warkop_Kusuma,24.4,28.8,92,Drizzle,Gerimis,7.4,0.8,100
2026-02-13T10:00,Node_Warkop_Kusuma,25.8,30.6,85,Drizzle,Gerimis ringan,4.0,0.1,100
2026-02-13T11:00,Node_Warkop_Kusuma,26.3,30.9,81,Clouds,Mendung,5.1,0.0,100
2026-02-13T12:00,Node_Warkop_Kusuma,27.5,32.4,76,Clouds,Mendung,4.7,0.0,100
2026-02-13T13:00,Node_Warkop_Kusuma,27.6,32.1,76,Clouds,Mendung,7.3,0.0,100
2026-02-13T14:00,Node_Warkop_Kusuma,26.4,30.7,81,Drizzle,Gerimis ringan,7.4,0.1,100
2026-02-13T15:00,Node_Warkop_Kusuma,27.0,31.1,78,Drizzle,Gerimis ringan,9.2,0.3,100
2026-02-13T16:00,Node_Warkop_Kusuma,26.4,30.6,80,Drizzle,Gerimis ringan,7.2,0.1,100
2026-02-13T17:00,Node_Warkop_Kusuma,26.0,31.1,83,Clouds,Mendung,2.2,0.0,100
2026-02-13T18:00,Node_Warkop_Kusuma,25.2,30.9,90,Clouds,Mendung,1.3,0.0,100
2026-02-13T19:00,Node_Warkop_Kusuma,24.7,30.2,92,Clouds,Mendung,1.2,0.0,100
2026-02-13T20:00,Node_Warkop_Kusuma,24.3,29.2,96,Clouds,Mendung,6.6,0.0,100
2026-02-13T21:00,Node_Warkop_Kusuma,24.4,29.1,95,Clouds,Mendung,7.3,0.0,100
2026-02-13T22:00,Node_Warkop_Kusuma,24.1,28.4,95,Clouds,Mendung,9.6,0.0,100
2026-02-13T23:00,Node_Warkop_Kusuma,24.0,28.2,96,Clouds,Mendung,10.6,0.0,100
2026-02-14T00:00,Node_Warkop_Kusuma,23.5,27.7,98,Clouds,Mendung,10.1,0.0,100
2026-02-14T01:00,Node_Warkop_Kusuma,23.8,27.9,96,Clouds,Mendung,10.1,0.0,100
2026-02-14T02:00,Node_Warkop_Kusuma,23.8,27.8,96,Clouds,Mendung,10.6,0.0,100
2026-02-14T03:00,Node_Warkop_Kusuma,23.7,28.0,96,Clouds,Berawan sebagian,8.6,0.0,55
2026-02-14T04:00,Node_Warkop_Kusuma,23.5,28.0,97,Clouds,Mendung,7.3,0.0,99
2026-02-14T05:00,Node_Warkop_Kusuma,23.2,27.8,98,Clouds,Mendung,5.8,0.0,100
2026-02-14T06:00,Node_Warkop_Kusuma,23.0,27.5,99,Clouds,Mendung,6.9,0.0,99
2026-02-14T07:00,Node_Warkop_Kusuma,24.5,29.5,96,Clouds,Cerah berawan,6.5,0.0,47
2026-02-14T08:00,Node_Warkop_Kusuma,26.3,31.1,87,Drizzle,Gerimis ringan,9.0,0.2,100
2026-02-14T09:00,Node_Warkop_Kusuma,26.9,31.7,83,Drizzle,Gerimis ringan,6.8,0.2,100
2026-02-14T10:00,Node_Warkop_Kusuma,28.3,33.1,74,Drizzle,Gerimis ringan,6.5,0.1,100
2026-02-14T11:00,Node_Warkop_Kusuma,29.9,36.8,68,Clouds,Mendung,5.8,0.0,98
2026-02-14T12:00,Node_Warkop_Kusuma,30.5,37.3,67,Clouds,Mendung,10.2,0.0,100
2026-02-14T13:00,Node_Warkop_Kusuma,28.2,32.7,72,Rain,Hujan,14.5,3.7,100
2026-02-14T14:00,Node_Warkop_Kusuma,26.0,30.6,83,Rain,Hujan,5.7,3.5,100
2026-02-14T15:00,Node_Warkop_Kusuma,25.5,30.7,87,Drizzle,Gerimis,2.5,0.6,100
2026-02-14T16:00,Node_Warkop_Kusuma,25.4,30.3,89,Drizzle,Gerimis,6.1,0.5,100
2026-02-14T17:00,Node_Warkop_Kusuma,25.0,29.0,87,Drizzle,Gerimis,7.8,0.9,100
2026-02-14T18:00,Node_Warkop_Kusuma,23.8,28.4,95,Drizzle,Gerimis lebat,6.1,1.2,100
2026-02-14T19:00,Node_Warkop_Kusuma,24.0,29.0,98,Drizzle,Gerimis ringan,5.9,0.2,100
2026-02-14T20:00,Node_Warkop_Kusuma,23.4,27.5,96,Drizzle,Gerimis ringan,8.3,0.1,100
2026-02-14T21:00,Node_Warkop_Kusuma,23.2,27.1,96,Drizzle,Gerimis ringan,8.5,0.1,100
2026-02-14T22:00,Node_Warkop_Kusuma,22.9,26.6,98,Drizzle,Gerimis ringan,9.5,0.2,100
2026-02-14T23:00,Node_Warkop_Kusuma,22.9,27.1,98,Drizzle,Gerimis ringan,7.4,0.3,100
2026-02-15T00:00,Node_Warkop_Kusuma,22.8,26.8,99,Drizzle,Gerimis ringan,7.8,0.2,100
2026-02-15T01:00,Node_Warkop_Kusuma,22.9,27.2,99,Drizzle,Gerimis ringan,7.7,0.1,100
2026-02-15T02:00,Node_Warkop_Kusuma,23.0,27.0,98,Rain,Hujan ringan,8.7,1.5,100
2026-02-15T03:00,Node_Warkop_Kusuma,22.9,27.3,98,Drizzle,Gerimis,5.3,0.6,100
2026-02-15T04:00,Node_Warkop_Kusuma,22.9,27.9,99,Drizzle,Gerimis,2.0,0.5,100
2026-02-15T05:00,Node_Warkop_Kusuma,22.7,27.4,99,Drizzle,Gerimis ringan,3.6,0.3,100
2026-02-15T06:00,Node_Warkop_Kusuma,22.6,27.5,100,Drizzle,Gerimis ringan,2.5,0.1,100
2026-02-15T07:00,Node_Warkop_Kusuma,23.2,27.7,95,Drizzle,Gerimis ringan,4.3,0.1,99
2026-02-15T08:00,Node_Warkop_Kusuma,25.0,30.0,90,Drizzle,Gerimis ringan,5.2,0.1,100
2026-02-15T09:00,Node_Warkop_Kusuma,27.0,32.2,78,Clouds,Mendung,2.5,0.0,97
2026-02-15T10:00,Node_Warkop_Kusuma,28.2,33.8,72,Drizzle,Gerimis ringan,1.7,0.1,79
2026-02-15T11:00,Node_Warkop_Kusuma,28.8,34.3,71,Drizzle,Gerimis ringan,3.0,0.1,63
2026-02-15T12:00,Node_Warkop_Kusuma,29.5,36.5,72,Drizzle,Gerimis ringan,5.4,0.2,100
2026-02-15T13:00,Node_Warkop_Kusuma,29.2,35.5,72,Drizzle,Gerimis ringan,4.9,0.4,91
2026-02-15T14:00,Node_Warkop_Kusuma,28.4,33.4,75,Rain,Hujan,9.0,3.9,93
2026-02-15T15:00,Node_Warkop_Kusuma,26.9,32.6,83,Rain,Hujan ringan,1.8,2.2,100
2026-02-15T16:00,Node_Warkop_Kusuma,26.8,31.9,83,Clouds,Mendung,4.8,0.0,97
2026-02-15T17:00,Node_Warkop_Kusuma,26.0,30.9,84,Drizzle,Gerimis ringan,4.4,0.2,97
2026-02-15T18:00,Node_Warkop_Kusuma,25.4,30.3,88,Clouds,Berawan sebagian,5.0,0.0,62
2026-02-15T19:00,Node_Warkop_Kusuma,25.5,31.5,93,Clouds,Mendung,1.3,0.0,84
2026-02-15T20:00,Node_Warkop_Kusuma,25.1,30.8,96,Clouds,Mendung,5.2,0.0,96
2026-02-15T21:00,Node_Warkop_Kusuma,24.8,29.6,93,Clouds,Mendung,6.5,0.0,95
2026-02-15T22:00,Node_Warkop_Kusuma,24.5,29.7,95,Clouds,Mendung,4.4,0.0,97
2026-02-15T23:00,Node_Warkop_Kusuma,24.0,29.2,96,Clouds,Mendung,3.4,0.0,84
2026-02-16T00:00,Node_Warkop_Kusuma,23.7,29.0,97,Clouds,Mendung,2.2,0.0,98
2026-02-16T01:00,Node_Warkop_Kusuma,23.8,28.7,95,Drizzle,Gerimis,3.2,0.7,100
2026-02-16T02:00,Node_Warkop_Kusuma,23.5,27.8,97,Rain,Hujan ringan,7.8,1.5,100
2026-02-16T03:00,Node_Warkop_Kusuma,23.1,27.5,97,Drizzle,Gerimis lebat,6.1,1.0,100
2026-02-16T04:00,Node_Warkop_Kusuma,23.1,28.2,96,Drizzle,Gerimis,0.5,0.6,100
2026-02-16T05:00,Node_Warkop_Kusuma,23.0,27.9,98,Drizzle,Gerimis,2.3,0.5,100
2026-02-16T06:00,Node_Warkop_Kusuma,22.9,28.1,99,Drizzle,Gerimis lebat,1.0,1.0,100
2026-02-16T07:00,Node_Warkop_Kusuma,23.9,29.1,97,Drizzle,Gerimis lebat,3.8,1.0,100
2026-02-16T08:00,Node_Warkop_Kusuma,24.2,29.6,97,Rain,Hujan ringan,4.0,2.1,100
2026-02-16T09:00,Node_Warkop_Kusuma,25.5,30.0,88,Drizzle,Gerimis,7.4,0.5,100
2026-02-16T10:00,Node_Warkop_Kusuma,26.2,30.1,84,Drizzle,Gerimis ringan,12.2,0.3,100
2026-02-16T11:00,Node_Warkop_Kusuma,27.5,31.1,76,Drizzle,Gerimis ringan,13.3,0.2,100
2026-02-16T12:00,Node_Warkop_Kusuma,28.5,32.4,72,Drizzle,Gerimis ringan,11.4,0.2,100
2026-02-16T13:00,Node_Warkop_Kusuma,29.2,33.4,67,Drizzle,Gerimis ringan,11.0,0.2,100
2026-02-16T14:00,Node_Warkop_Kusuma,28.9,33.9,73,Drizzle,Gerimis ringan,10.7,0.2,100
2026-02-16T15:00,Node_Warkop_Kusuma,26.2,30.5,84,Rain,Hujan lebat,9.5,9.3,100
2026-02-16T16:00,Node_Warkop_Kusuma,26.0,31.2,87,Rain,Hujan,5.5,2.6,100
2026-02-16T17:00,Node_Warkop_Kusuma,25.3,30.7,88,Rain,Hujan ringan,1.8,1.7,100
2026-02-16T18:00,Node_Warkop_Kusuma,24.8,30.5,93,Drizzle,Gerimis ringan,1.3,0.2,100
2026-02-16T19:00,Node_Warkop_Kusuma,24.5,29.0,92,Drizzle,Gerimis ringan,6.8,0.1,100
2026-02-16T20:00,Node_Warkop_Kusuma,24.2,29.1,93,Clouds,Mendung,5.0,0.0,100
2026-02-16T21:00,Node_Warkop_Kusuma,23.9,28.8,94,Clouds,Mendung,4.1,0.0,100
2026-02-16T22:00,Node_Warkop_Kusuma,23.8,28.6,95,Clouds,Mendung,4.5,0.0,100
2026-02-16T23:00,Node_Warkop_Kusuma,23.6,28.5,96,Clouds,Mendung,3.8,0.0,100
2026-02-17T00:00,Node_Warkop_Kusuma,23.2,28.1,97,Clouds,Mendung,3.5,0.0,100
2026-02-17T01:00,Node_Warkop_Kusuma,23.5,28.8,99,Clouds,Mendung,2.6,0.0,100
2026-02-17T02:00,Node_Warkop_Kusuma,23.4,28.9,100,Clouds,Mendung,1.3,0.0,100
2026-02-17T03:00,Node_Warkop_Kusuma,23.2,28.1,100,Clouds,Mendung,4.9,0.0,100
2026-02-17T04:00,Node_Warkop_Kusuma,22.9,27.2,99,Clouds,Mendung,6.3,0.0,99
2026-02-17T05:00,Node_Warkop_Kusuma,22.7,27.0,96,Drizzle,Gerimis ringan,3.9,0.1,100
2026-02-17T06:00,Node_Warkop_Kusuma,22.6,27.0,97,Clouds,Mendung,3.6,0.0,100
2026-02-17T07:00,Node_Warkop_Kusuma,24.6,29.6,94,Clouds,Mendung,5.4,0.0,100
2026-02-17T08:00,Node_Warkop_Kusuma,26.6,31.0,85,Drizzle,Gerimis ringan,11.2,0.1,100
2026-02-17T09:00,Node_Warkop_Kusuma,27.2,30.9,80,Drizzle,Gerimis ringan,14.8,0.4,100
2026-02-17T10:00,Node_Warkop_Kusuma,28.7,33.4,75,Clouds,Mendung,13.3,0.0,100
2026-02-17T11:00,Node_Warkop_Kusuma,29.3,34.5,73,Drizzle,Gerimis ringan,9.8,0.1,100
2026-02-17T12:00,Node_Warkop_Kusuma,29.9,35.8,72,Drizzle,Gerimis ringan,10.8,0.1,100
2026-02-17T13:00,Node_Warkop_Kusuma,29.2,34.7,74,Drizzle,Gerimis ringan,10.1,0.2,100
2026-02-17T14:00,Node_Warkop_Kusuma,28.5,33.2,77,Rain,Hujan ringan,10.5,2.1,100
2026-02-17T15:00,Node_Warkop_Kusuma,26.6,31.6,84,Rain,Hujan lebat,6.2,11.1,100
2026-02-17T16:00,Node_Warkop_Kusuma,25.6,31.0,90,Drizzle,Gerimis ringan,4.7,0.4,100
2026-02-17T17:00,Node_Warkop_Kusuma,25.5,31.3,91,Drizzle,Gerimis ringan,1.7,0.3,100
2026-02-17T18:00,Node_Warkop_Kusuma,25.0,30.9,95,Drizzle,Gerimis ringan,1.7,0.1,100
2026-02-17T19:00,Node_Warkop_Kusuma,25.2,31.3,95,Drizzle,Gerimis ringan,2.1,0.1,100
2026-02-17T20:00,Node_Warkop_Kusuma,24.6,30.2,98,Clouds,Mendung,4.2,0.0,100
2026-02-17T21:00,Node_Warkop_Kusuma,24.2,29.6,97,Clouds,Mendung,4.1,0.0,100
2026-02-17T22:00,Node_Warkop_Kusuma,24.2,28.9,95,Clouds,Mendung,6.4,0.0,100
2026-02-17T23:00,Node_Warkop_Kusuma,23.9,28.0,94,Rain,Hujan,8.4,3.0,100
2026-02-18T00:00,Node_Warkop_Kusuma,23.5,27.9,96,Rain,Hujan,6.7,6.6,100
2026-02-18T01:00,Node_Warkop_Kusuma,23.4,28.2,98,Rain,Hujan,4.2,2.8,100
2026-02-18T02:00,Node_Warkop_Kusuma,23.4,27.5,99,Drizzle,Gerimis,10.2,0.5,100
2026-02-18T03:00,Node_Warkop_Kusuma,23.2,27.3,98,Rain,Hujan ringan,9.4,1.4,100
2026-02-18T04:00,Node_Warkop_Kusuma,23.3,27.5,98,Rain,Hujan,8.5,3.1,100
2026-02-18T05:00,Node_Warkop_Kusuma,23.3,27.3,98,Drizzle,Gerimis ringan,10.2,0.1,100
2026-02-18T06:00,Node_Warkop_Kusuma,23.3,27.2,97,Drizzle,Gerimis ringan,9.7,0.2,99
2026-02-18T07:00,Node_Warkop_Kusuma,25.1,29.1,92,Drizzle,Gerimis ringan,12.9,0.1,100
2026-02-18T08:00,Node_Warkop_Kusuma,26.8,30.3,85,Drizzle,Gerimis ringan,17.0,0.1,99
2026-02-18T09:00,Node_Warkop_Kusuma,28.1,32.2,80,Drizzle,Gerimis ringan,15.2,0.1,99
2026-02-18T10:00,Node_Warkop_Kusuma,29.5,34.6,73,Drizzle,Gerimis ringan,15.0,0.2,100
2026-02-18T11:00,Node_Warkop_Kusuma,28.2,33.5,78,Drizzle,Gerimis ringan,10.5,0.2,100
2026-02-18T12:00,Node_Warkop_Kusuma,26.5,31.1,83,Rain,Hujan,7.6,7.2,100
2026-02-18T13:00,Node_Warkop_Kusuma,28.6,31.7,74,Drizzle,Gerimis ringan,17.8,0.4,98
2026-02-18T14:00,Node_Warkop_Kusuma,27.8,32.8,81,Rain,Hujan,9.3,5.1,100
2026-02-18T15:00,Node_Warkop_Kusuma,26.8,32.1,80,Rain,Hujan ringan,1.7,1.8,100
2026-02-18T16:00,Node_Warkop_Kusuma,26.2,31.6,84,Drizzle,Gerimis ringan,1.8,0.4,100
2026-02-18T17:00,Node_Warkop_Kusuma,25.6,30.5,87,Drizzle,Gerimis ringan,5.3,0.3,100
2026-02-18T18:00,Node_Warkop_Kusuma,24.5,29.5,96,Drizzle,Gerimis ringan,6.2,0.3,100
2026-02-18T19:00,Node_Warkop_Kusuma,24.3,29.5,96,Drizzle,Gerimis ringan,4.6,0.1,100
2026-02-18T20:00,Node_Warkop_Kusuma,24.1,29.3,96,Drizzle,Gerimis ringan,4.1,0.1,100
2026-02-18T21:00,Node_Warkop_Kusuma,24.0,29.0,97,Drizzle,Gerimis ringan,5.5,0.1,100
2026-02-18T22:00,Node_Warkop_Kusuma,24.0,28.3,95,Drizzle,Gerimis ringan,8.0,0.1,100
2026-02-18T23:00,Node_Warkop_Kusuma,23.8,28.9,96,Clouds,Mendung,3.4,0.0,100
2026-02-19T00:00,Node_Warkop_Kusuma,23.8,28.9,95,Clouds,Mendung,2.3,0.0,100
2026-02-19T01:00,Node_Warkop_Kusuma,24.0,28.9,93,Clouds,Mendung,3.9,0.0,100
2026-02-19T02:00,Node_Warkop_Kusuma,23.6,28.5,96,Drizzle,Gerimis,4.8,0.5,100
2026-02-19T03:00,Node_Warkop_Kusuma,23.5,28.5,96,Drizzle,Gerimis,3.2,0.6,100
2026-02-19T04:00,Node_Warkop_Kusuma,23.7,28.7,94,Drizzle,Gerimis ringan,2.3,0.4,100
2026-02-19T05:00,Node_Warkop_Kusuma,23.6,28.7,95,Drizzle,Gerimis ringan,1.5,0.1,100
2026-02-19T06:00,Node_Warkop_Kusuma,23.2,27.9,95,Clouds,Mendung,3.0,0.0,100
2026-02-19T07:00,Node_Warkop_Kusuma,24.0,29.3,97,Clouds,Mendung,3.6,0.0,100
2026-02-19T08:00,Node_Warkop_Kusuma,25.2,30.2,90,Clouds,Mendung,5.5,0.0,100
2026-02-19T09:00,Node_Warkop_Kusuma,26.5,30.5,82,Clouds,Mendung,10.9,0.0,100
2026-02-19T10:00,Node_Warkop_Kusuma,27.4,31.6,79,Clouds,Mendung,10.0,0.0,100
2026-02-19T11:00,Node_Warkop_Kusuma,28.8,34.0,75,Clouds,Mendung,6.0,0.0,100
2026-02-19T12:00,Node_Warkop_Kusuma,29.4,34.7,72,Clouds,Mendung,5.9,0.0,84
2026-02-19T13:00,Node_Warkop_Kusuma,30.2,36.9,68,Drizzle,Gerimis ringan,7.8,0.1,99
2026-02-19T14:00,Node_Warkop_Kusuma,28.3,32.6,75,Rain,Hujan ringan,10.7,2.3,100
2026-02-19T15:00,Node_Warkop_Kusuma,28.5,32.9,75,Rain,Hujan ringan,11.1,1.3,100
2026-02-19T16:00,Node_Warkop_Kusuma,25.7,30.1,88,Rain,Hujan lebat,10.2,11.7,100
2026-02-19T17:00,Node_Warkop_Kusuma,25.3,30.5,87,Drizzle,Gerimis,1.9,0.5,100
2026-02-19T18:00,Node_Warkop_Kusuma,24.8,30.2,94,Drizzle,Gerimis ringan,3.6,0.2,100
2026-02-19T19:00,Node_Warkop_Kusuma,24.6,30.5,97,Drizzle,Gerimis ringan,2.1,0.1,100
2026-02-19T20:00,Node_Warkop_Kusuma,24.3,30.1,99,Drizzle,Gerimis ringan,3.1,0.1,99
2026-02-19T21:00,Node_Warkop_Kusuma,24.0,29.7,99,Clouds,Mendung,2.8,0.0,100
2026-02-19T22:00,Node_Warkop_Kusuma,23.9,29.6,99,Clouds,Mendung,0.7,0.0,100
2026-02-19T23:00,Node_Warkop_Kusuma,23.6,28.9,99,Clouds,Mendung,3.1,0.0,100
2026-02-20T00:00,Node_Warkop_Kusuma,23.6,28.8,99,Clouds,Mendung,4.5,0.0,100
2026-02-20T01:00,Node_Warkop_Kusuma,23.6,28.6,100,Clouds,Mendung,6.5,0.0,100
2026-02-20T02:00,Node_Warkop_Kusuma,23.5,28.4,99,Clouds,Mendung,6.0,0.0,100
2026-02-20T03:00,Node_Warkop_Kusuma,23.4,28.1,99,Drizzle,Gerimis ringan,5.6,0.1,100
2026-02-20T04:00,Node_Warkop_Kusuma,23.1,27.8,98,Clouds,Mendung,4.6,0.0,100
2026-02-20T05:00,Node_Warkop_Kusuma,22.8,27.2,97,Clouds,Mendung,4.2,0.0,99
2026-02-20T06:00,Node_Warkop_Kusuma,22.9,27.1,96,Clouds,Mendung,6.3,0.0,100
2026-02-20T07:00,Node_Warkop_Kusuma,24.3,29.1,94,Clouds,Mendung,6.0,0.0,100
2026-02-20T08:00,Node_Warkop_Kusuma,26.1,30.0,83,Clouds,Mendung,11.4,0.0,100
2026-02-20T09:00,Node_Warkop_Kusuma,27.6,31.8,77,Clouds,Mendung,10.2,0.0,100
2026-02-20T10:00,Node_Warkop_Kusuma,29.2,34.8,73,Drizzle,Gerimis ringan,9.0,0.1,100
2026-02-20T11:00,Node_Warkop_Kusuma,30.0,36.1,70,Drizzle,Gerimis ringan,6.9,0.1,100
2026-02-20T12:00,Node_Warkop_Kusuma,29.8,36.5,72,Rain,Hujan,10.0,5.0,100
2026-02-20T13:00,Node_Warkop_Kusuma,29.0,34.3,73,Rain,Hujan,8.3,6.8,100
2026-02-20T14:00,Node_Warkop_Kusuma,28.8,34.3,73,Rain,Hujan ringan,9.5,1.3,100
2026-02-20T15:00,Node_Warkop_Kusuma,28.0,33.9,79,Rain,Hujan,1.1,4.8,100
2026-02-20T16:00,Node_Warkop_Kusuma,26.9,32.2,81,Rain,Hujan,2.2,5.8,100
2026-02-20T17:00,Node_Warkop_Kusuma,26.5,31.9,83,Drizzle,Gerimis ringan,1.7,0.2,100
2026-02-20T18:00,Node_Warkop_Kusuma,25.4,31.0,91,Clouds,Mendung,2.7,0.0,100
2026-02-20T19:00,Node_Warkop_Kusuma,25.6,31.7,92,Clouds,Mendung,0.7,0.0,100
2026-02-20T20:00,Node_Warkop_Kusuma,25.1,31.0,94,Clouds,Mendung,1.6,0.0,100
2026-02-20T21:00,Node_Warkop_Kusuma,24.6,30.2,96,Drizzle,Gerimis ringan,3.6,0.2,100
2026-02-20T22:00,Node_Warkop_Kusuma,24.5,30.2,97,Drizzle,Gerimis ringan,2.4,0.1,100
2026-02-20T23:00,Node_Warkop_Kusuma,23.9,29.4,97,Drizzle,Gerimis,1.7,0.8,100
2026-02-21T00:00,Node_Warkop_Kusuma,23.7,29.4,98,Drizzle,Gerimis,0.3,0.7,100
2026-02-21T01:00,Node_Warkop_Kusuma,23.5,28.4,100,Drizzle,Gerimis,5.8,0.8,100
2026-02-21T02:00,Node_Warkop_Kusuma,23.6,29.0,98,Drizzle,Gerimis ringan,2.1,0.1,100
2026-02-21T03:00,Node_Warkop_Kusuma,23.4,28.5,100,Clouds,Mendung,3.6,0.0,100
2026-02-21T04:00,Node_Warkop_Kusuma,23.0,27.9,100,Clouds,Mendung,4.6,0.0,100
2026-02-21T05:00,Node_Warkop_Kusuma,22.9,27.6,100,Clouds,Mendung,4.7,0.0,100
2026-02-21T06:00,Node_Warkop_Kusuma,23.0,28.2,99,Clouds,Mendung,2.2,0.0,100
2026-02-21T07:00,Node_Warkop_Kusuma,24.1,30.0,98,Clouds,Mendung,0.8,0.0,100
2026-02-21T08:00,Node_Warkop_Kusuma,26.0,31.4,88,Clouds,Mendung,3.6,0.0,100
2026-02-21T09:00,Node_Warkop_Kusuma,27.4,32.2,79,Clouds,Mendung,5.8,0.0,100
2026-02-21T10:00,Node_Warkop_Kusuma,28.6,34.3,72,Clouds,Mendung,4.7,0.0,100
2026-02-21T11:00,Node_Warkop_Kusuma,29.6,35.9,66,Clouds,Mendung,6.8,0.0,100
2026-02-21T12:00,Node_Warkop_Kusuma,30.4,36.5,63,Drizzle,Gerimis ringan,7.3,0.1,100
2026-02-21T13:00,Node_Warkop_Kusuma,31.0,37.3,61,Drizzle,Gerimis ringan,7.2,0.2,100
2026-02-21T14:00,Node_Warkop_Kusuma,29.9,34.8,65,Drizzle,Gerimis ringan,8.1,0.1,100
2026-02-21T15:00,Node_Warkop_Kusuma,24.9,30.1,91,Rain,Hujan,3.0,7.3,100
2026-02-21T16:00,Node_Warkop_Kusuma,25.0,29.8,89,Drizzle,Gerimis ringan,5.0,0.2,100
2026-02-21T17:00,Node_Warkop_Kusuma,25.0,30.1,90,Drizzle,Gerimis,4.3,0.5,100
2026-02-21T18:00,Node_Warkop_Kusuma,24.8,30.2,89,Drizzle,Gerimis ringan,0.4,0.2,100
2026-02-21T19:00,Node_Warkop_Kusuma,23.6,28.7,100,Drizzle,Gerimis ringan,5.9,0.2,100
2026-02-21T20:00,Node_Warkop_Kusuma,24.1,29.8,98,Drizzle,Gerimis,1.7,0.5,100
2026-02-21T21:00,Node_Warkop_Kusuma,24.0,29.7,98,Drizzle,Gerimis,1.4,0.8,100
2026-02-21T22:00,Node_Warkop_Kusuma,24.0,29.7,99,Drizzle,Gerimis ringan,1.7,0.4,100
2026-02-21T23:00,Node_Warkop_Kusuma,23.8,29.6,100,Drizzle,Gerimis ringan,1.3,0.1,100
2026-02-22T00:00,Node_Warkop_Kusuma,23.8,29.1,99,Drizzle,Gerimis ringan,3.5,0.1,100
2026-02-22T01:00,Node_Warkop_Kusuma,23.8,28.7,97,Drizzle,Gerimis ringan,4.6,0.1,100
2026-02-22T02:00,Node_Warkop_Kusuma,23.6,28.7,99,Drizzle,Gerimis ringan,4.2,0.2,100
2026-02-22T03:00,Node_Warkop_Kusuma,23.4,28.2,99,Drizzle,Gerimis ringan,6.0,0.1,100
2026-02-22T04:00,Node_Warkop_Kusuma,23.2,28.0,99,Clouds,Mendung,5.4,0.0,100
2026-02-22T05:00,Node_Warkop_Kusuma,23.0,27.7,100,Clouds,Mendung,5.3,0.0,100
2026-02-22T06:00,Node_Warkop_Kusuma,23.0,27.8,100,Clouds,Mendung,4.4,0.0,100
2026-02-22T07:00,Node_Warkop_Kusuma,24.3,29.4,97,Clouds,Mendung,5.9,0.0,100
2026-02-22T08:00,Node_Warkop_Kusuma,26.3,31.8,88,Clouds,Mendung,4.7,0.0,100
2026-02-22T09:00,Node_Warkop_Kusuma,27.3,32.2,80,Drizzle,Gerimis ringan,6.2,0.2,100
2026-02-22T10:00,Node_Warkop_Kusuma,28.5,34.5,76,Drizzle,Gerimis ringan,5.4,0.2,100
2026-02-22T11:00,Node_Warkop_Kusuma,29.5,36.3,72,Drizzle,Gerimis ringan,4.9,0.2,100
2026-02-22T12:00,Node_Warkop_Kusuma,27.6,31.7,77,Rain,Hujan lebat,14.4,11.5,100
2026-02-22T13:00,Node_Warkop_Kusuma,25.5,29.5,86,Rain,Hujan,9.9,2.7,100
2026-02-22T14:00,Node_Warkop_Kusuma,26.2,30.7,85,Rain,Hujan ringan,9.0,1.3,100
2026-02-22T15:00,Node_Warkop_Kusuma,26.1,31.0,88,Drizzle,Gerimis,7.7,0.7,100
2026-02-22T16:00,Node_Warkop_Kusuma,25.5,30.1,88,Rain,Hujan,7.0,2.6,100
2026-02-22T17:00,Node_Warkop_Kusuma,25.0,30.2,94,Drizzle,Gerimis ringan,6.6,0.2,100
2026-02-22T18:00,Node_Warkop_Kusuma,24.2,29.0,93,Rain,Hujan,4.9,2.7,100
2026-02-22T19:00,Node_Warkop_Kusuma,23.9,28.8,99,Drizzle,Gerimis,6.8,0.8,100
2026-02-22T20:00,Node_Warkop_Kusuma,23.8,28.6,98,Drizzle,Gerimis,6.9,0.7,100
2026-02-22T21:00,Node_Warkop_Kusuma,23.7,28.8,99,Drizzle,Gerimis,4.5,0.6,100
2026-02-22T22:00,Node_Warkop_Kusuma,23.5,28.6,99,Drizzle,Gerimis lebat,4.5,1.0,100
2026-02-22T23:00,Node_Warkop_Kusuma,23.4,28.2,100,Drizzle,Gerimis lebat,5.9,1.0,100
2026-02-23T00:00,Node_Warkop_Kusuma,23.2,28.0,100,Drizzle,Gerimis,5.6,0.9,100
2026-02-23T01:00,Node_Warkop_Kusuma,23.2,28.2,98,Drizzle,Gerimis ringan,3.3,0.2,100
2026-02-23T02:00,Node_Warkop_Kusuma,23.2,28.2,99,Rain,Hujan,4.4,2.6,100
2026-02-23T03:00,Node_Warkop_Kusuma,23.0,27.3,99,Rain,Hujan ringan,7.5,2.1,100
2026-02-23T04:00,Node_Warkop_Kusuma,22.8,27.5,98,Rain,Hujan ringan,3.4,1.4,100
2026-02-23T05:00,Node_Warkop_Kusuma,22.6,27.2,99,Drizzle,Gerimis,4.3,0.7,100
2026-02-23T06:00,Node_Warkop_Kusuma,22.7,26.5,97,Rain,Hujan ringan,8.6,1.3,100
2026-02-23T07:00,Node_Warkop_Kusuma,24.0,29.2,96,Rain,Hujan,4.2,7.2,100
2026-02-23T08:00,Node_Warkop_Kusuma,24.9,29.9,91,Drizzle,Gerimis ringan,3.9,0.1,100
2026-02-23T09:00,Node_Warkop_Kusuma,25.2,30.0,88,Drizzle,Gerimis ringan,6.1,0.4,100
2026-02-23T10:00,Node_Warkop_Kusuma,25.7,30.1,85,Drizzle,Gerimis ringan,7.4,0.3,100
2026-02-23T11:00,Node_Warkop_Kusuma,27.6,33.2,79,Drizzle,Gerimis ringan,7.8,0.2,98
2026-02-23T12:00,Node_Warkop_Kusuma,28.2,33.1,76,Drizzle,Gerimis ringan,10.3,0.2,100
2026-02-23T13:00,Node_Warkop_Kusuma,27.9,31.4,74,Rain,Hujan ringan,16.1,1.5,91
2026-02-23T14:00,Node_Warkop_Kusuma,27.5,30.6,76,Drizzle,Gerimis ringan,16.9,0.4,100
2026-02-23T15:00,Node_Warkop_Kusuma,26.5,30.0,80,Drizzle,Gerimis,13.5,0.6,100
2026-02-23T16:00,Node_Warkop_Kusuma,26.2,30.7,85,Drizzle,Gerimis,8.4,0.7,100
2026-02-23T17:00,Node_Warkop_Kusuma,24.8,29.9,92,Rain,Hujan ringan,4.4,1.8,100
2026-02-23T18:00,Node_Warkop_Kusuma,24.5,30.4,96,Drizzle,Gerimis,1.1,0.5,100
2026-02-23T19:00,Node_Warkop_Kusuma,23.2,27.8,99,Drizzle,Gerimis,6.5,0.5,100
2026-02-23T20:00,Node_Warkop_Kusuma,23.2,27.6,97,Drizzle,Gerimis ringan,7.0,0.1,100
2026-02-23T21:00,Node_Warkop_Kusuma,23.2,27.8,97,Drizzle,Gerimis ringan,5.7,0.1,100
2026-02-23T22:00,Node_Warkop_Kusuma,23.2,28.3,97,Drizzle,Gerimis ringan,2.5,0.3,100
2026-02-23T23:00,Node_Warkop_Kusuma,22.7,27.4,99,Drizzle,Gerimis ringan,3.7,0.2,100
2026-02-24T00:00,Node_Warkop_Kusuma,22.8,27.3,98,Clouds,Mendung,5.2,0.0,100
2026-02-24T01:00,Node_Warkop_Kusuma,22.9,27.5,99,Clouds,Mendung,4.8,0.0,100
2026-02-24T02:00,Node_Warkop_Kusuma,22.9,27.6,98,Drizzle,Gerimis ringan,3.3,0.2,100
2026-02-24T03:00,Node_Warkop_Kusuma,22.9,27.8,99,Drizzle,Gerimis ringan,2.2,0.1,100
2026-02-24T04:00,Node_Warkop_Kusuma,22.9,27.9,99,Drizzle,Gerimis ringan,2.0,0.1,100
2026-02-24T05:00,Node_Warkop_Kusuma,22.8,27.1,99,Clouds,Mendung,6.3,0.0,100
2026-02-24T06:00,Node_Warkop_Kusuma,22.9,27.2,98,Clouds,Mendung,6.0,0.0,100
2026-02-24T07:00,Node_Warkop_Kusuma,23.4,27.8,96,Clouds,Mendung,6.4,0.0,100
2026-02-24T08:00,Node_Warkop_Kusuma,24.2,29.2,94,Clouds,Mendung,5.2,0.0,100
2026-02-24T09:00,Node_Warkop_Kusuma,25.4,30.0,87,Clouds,Mendung,6.9,0.0,100
2026-02-24T10:00,Node_Warkop_Kusuma,26.4,31.2,84,Clouds,Mendung,6.0,0.0,100
2026-02-24T11:00,Node_Warkop_Kusuma,27.6,32.6,76,Drizzle,Gerimis ringan,3.5,0.1,100
2026-02-24T12:00,Node_Warkop_Kusuma,29.0,35.3,72,Clouds,Mendung,2.7,0.0,100
2026-02-24T13:00,Node_Warkop_Kusuma,27.5,32.2,74,Clouds,Mendung,6.8,0.0,100
2026-02-24T14:00,Node_Warkop_Kusuma,27.1,31.5,77,Clouds,Mendung,6.4,0.0,100
2026-02-24T15:00,Node_Warkop_Kusuma,27.2,31.9,77,Clouds,Mendung,4.7,0.0,100
2026-02-24T16:00,Node_Warkop_Kusuma,26.8,31.7,80,Clouds,Mendung,4.0,0.0,100
2026-02-24T17:00,Node_Warkop_Kusuma,26.0,31.2,86,Clouds,Mendung,3.8,0.0,100
2026-02-24T18:00,Node_Warkop_Kusuma,25.4,30.3,89,Drizzle,Gerimis ringan,5.2,0.2,100
2026-02-24T19:00,Node_Warkop_Kusuma,24.5,29.4,93,Drizzle,Gerimis ringan,6.0,0.1,100
2026-02-24T20:00,Node_Warkop_Kusuma,24.6,30.0,95,Clouds,Mendung,3.9,0.0,100
2026-02-24T21:00,Node_Warkop_Kusuma,24.5,29.7,96,Clouds,Mendung,5.7,0.0,100
2026-02-24T22:00,Node_Warkop_Kusuma,24.3,29.3,97,Clouds,Mendung,7.0,0.0,100
2026-02-24T23:00,Node_Warkop_Kusuma,24.0,28.7,98,Clouds,Mendung,8.2,0.0,100
2026-02-25T00:00,Node_Warkop_Kusuma,23.8,28.0,95,Drizzle,Gerimis ringan,8.8,0.3,100
2026-02-25T01:00,Node_Warkop_Kusuma,23.1,27.2,99,Drizzle,Gerimis,10.1,0.6,100
2026-02-25T02:00,Node_Warkop_Kusuma,23.1,27.1,98,Drizzle,Gerimis,10.4,0.8,100
2026-02-25T03:00,Node_Warkop_Kusuma,22.9,26.4,99,Drizzle,Gerimis ringan,12.4,0.4,100
2026-02-25T04:00,Node_Warkop_Kusuma,22.5,26.1,97,Rain,Hujan ringan,9.4,1.6,100
2026-02-25T05:00,Node_Warkop_Kusuma,22.5,25.7,98,Drizzle,Gerimis ringan,11.9,0.4,100
2026-02-25T06:00,Node_Warkop_Kusuma,22.6,26.2,97,Drizzle,Gerimis ringan,9.8,0.1,97
2026-02-25T07:00,Node_Warkop_Kusuma,23.9,27.7,96,Clouds,Mendung,12.4,0.0,100
2026-02-25T08:00,Node_Warkop_Kusuma,25.0,28.9,89,Clouds,Mendung,11.9,0.0,100
2026-02-25T09:00,Node_Warkop_Kusuma,26.9,31.2,81,Clouds,Mendung,8.8,0.0,100
2026-02-25T10:00,Node_Warkop_Kusuma,28.3,31.3,69,Clouds,Mendung,12.9,0.0,100
2026-02-25T11:00,Node_Warkop_Kusuma,29.3,31.4,62,Clouds,Mendung,21.9,0.0,100
2026-02-25T12:00,Node_Warkop_Kusuma,28.9,30.9,65,Clouds,Mendung,21.9,0.0,100
2026-02-25T13:00,Node_Warkop_Kusuma,28.6,30.4,64,Clouds,Mendung,19.2,0.0,100
2026-02-25T14:00,Node_Warkop_Kusuma,28.9,30.5,64,Clouds,Mendung,19.4,0.0,100
2026-02-25T15:00,Node_Warkop_Kusuma,28.9,30.1,62,Clouds,Mendung,21.5,0.0,98
2026-02-25T16:00,Node_Warkop_Kusuma,28.5,29.9,65,Clouds,Mendung,21.3,0.0,100
2026-02-25T17:00,Node_Warkop_Kusuma,27.1,28.8,72,Clouds,Mendung,20.8,0.0,100
2026-02-25T18:00,Node_Warkop_Kusuma,25.8,28.1,79,Clouds,Mendung,17.2,0.0,100
2026-02-25T19:00,Node_Warkop_Kusuma,25.9,28.1,75,Clouds,Mendung,15.2,0.0,100
2026-02-25T20:00,Node_Warkop_Kusuma,25.6,28.6,78,Clouds,Mendung,11.7,0.0,100
2026-02-25T21:00,Node_Warkop_Kusuma,25.5,28.4,79,Clouds,Mendung,12.4,0.0,100
2026-02-25T22:00,Node_Warkop_Kusuma,25.1,27.4,80,Clouds,Mendung,16.0,0.0,100
2026-02-25T23:00,Node_Warkop_Kusuma,24.0,26.7,87,Drizzle,Gerimis ringan,13.9,0.1,100
2026-02-26T00:00,Node_Warkop_Kusuma,23.1,26.3,91,Drizzle,Gerimis ringan,10.8,0.1,100
2026-02-26T01:00,Node_Warkop_Kusuma,23.2,26.5,94,Clouds,Mendung,11.9,0.0,100
2026-02-26T02:00,Node_Warkop_Kusuma,23.5,26.4,91,Drizzle,Gerimis,14.1,0.7,100
2026-02-26T03:00,Node_Warkop_Kusuma,22.5,24.2,95,Drizzle,Gerimis ringan,20.6,0.4,100
2026-02-26T04:00,Node_Warkop_Kusuma,22.0,24.5,96,Rain,Hujan,13.2,2.6,100
2026-02-26T05:00,Node_Warkop_Kusuma,21.8,24.3,96,Drizzle,Gerimis,13.5,0.7,100
2026-02-26T06:00,Node_Warkop_Kusuma,21.8,24.3,97,Drizzle,Gerimis,13.0,0.8,100
2026-02-26T07:00,Node_Warkop_Kusuma,23.0,25.7,96,Drizzle,Gerimis ringan,16.3,0.1,100
2026-02-26T08:00,Node_Warkop_Kusuma,24.0,27.2,90,Drizzle,Gerimis ringan,13.1,0.1,100
2026-02-26T09:00,Node_Warkop_Kusuma,25.8,29.1,84,Drizzle,Gerimis ringan,14.6,0.1,100
2026-02-26T10:00,Node_Warkop_Kusuma,26.6,29.4,80,Drizzle,Gerimis ringan,18.3,0.1,100
2026-02-26T11:00,Node_Warkop_Kusuma,27.7,30.8,74,Clouds,Mendung,17.5,0.0,100
2026-02-26T12:00,Node_Warkop_Kusuma,28.2,31.4,71,Drizzle,Gerimis ringan,19.3,0.1,100
2026-02-26T13:00,Node_Warkop_Kusuma,26.6,31.0,82,Clouds,Mendung,12.6,0.0,100
2026-02-26T14:00,Node_Warkop_Kusuma,27.6,30.1,74,Clouds,Mendung,18.2,0.0,100
2026-02-26T15:00,Node_Warkop_Kusuma,27.3,29.7,73,Clouds,Mendung,17.8,0.0,100
2026-02-26T16:00,Node_Warkop_Kusuma,25.9,29.0,81,Clouds,Mendung,14.5,0.0,100
2026-02-26T17:00,Node_Warkop_Kusuma,25.0,28.1,86,Drizzle,Gerimis lebat,14.8,1.0,100
2026-02-26T18:00,Node_Warkop_Kusuma,24.3,27.3,88,Drizzle,Gerimis ringan,13.5,0.1,100
2026-02-26T19:00,Node_Warkop_Kusuma,25.5,28.5,81,Drizzle,Gerimis,13.2,0.5,100
2026-02-26T20:00,Node_Warkop_Kusuma,25.0,27.9,85,Clouds,Mendung,14.9,0.0,100
2026-02-26T21:00,Node_Warkop_Kusuma,24.3,27.3,88,Clouds,Mendung,14.1,0.0,100
2026-02-26T22:00,Node_Warkop_Kusuma,24.0,27.2,89,Clouds,Mendung,12.5,0.0,100
2026-02-26T23:00,Node_Warkop_Kusuma,23.7,27.0,92,Clouds,Mendung,12.2,0.0,100
2026-02-27T00:00,Node_Warkop_Kusuma,23.6,26.9,93,Drizzle,Gerimis ringan,12.2,0.1,100
2026-02-27T01:00,Node_Warkop_Kusuma,23.5,27.0,95,Drizzle,Gerimis ringan,11.4,0.1,100
2026-02-27T02:00,Node_Warkop_Kusuma,23.5,26.9,95,Drizzle,Gerimis ringan,12.7,0.3,100
2026-02-27T03:00,Node_Warkop_Kusuma,23.1,26.3,95,Drizzle,Gerimis ringan,13.4,0.3,100
2026-02-27T04:00,Node_Warkop_Kusuma,22.8,25.6,96,Drizzle,Gerimis ringan,14.4,0.2,100
2026-02-27T05:00,Node_Warkop_Kusuma,22.6,25.8,96,Drizzle,Gerimis ringan,11.5,0.2,98
2026-02-27T06:00,Node_Warkop_Kusuma,22.6,25.5,96,Drizzle,Gerimis ringan,13.9,0.4,100
2026-02-27T07:00,Node_Warkop_Kusuma,24.1,27.5,94,Clouds,Mendung,14.2,0.0,100
2026-02-27T08:00,Node_Warkop_Kusuma,25.0,28.3,87,Clouds,Mendung,13.0,0.0,100
2026-02-27T09:00,Node_Warkop_Kusuma,26.6,29.7,79,Drizzle,Gerimis ringan,15.5,0.1,98
2026-02-27T10:00,Node_Warkop_Kusuma,27.9,31.3,75,Drizzle,Gerimis ringan,17.0,0.1,95
2026-02-27T11:00,Node_Warkop_Kusuma,28.4,32.1,73,Drizzle,Gerimis ringan,20.3,0.2,98
2026-02-27T12:00,Node_Warkop_Kusuma,26.5,29.4,81,Rain,Hujan,22.5,4.4,100
2026-02-27T13:00,Node_Warkop_Kusuma,24.3,27.3,91,Drizzle,Gerimis,16.2,0.5,83
2026-02-27T14:00,Node_Warkop_Kusuma,26.5,29.6,80,Drizzle,Gerimis ringan,19.3,0.2,98
2026-02-27T15:00,Node_Warkop_Kusuma,26.1,28.8,80,Drizzle,Gerimis ringan,17.0,0.1,100
2026-02-27T16:00,Node_Warkop_Kusuma,25.9,28.6,82,Clouds,Mendung,17.2,0.0,100
2026-02-27T17:00,Node_Warkop_Kusuma,24.5,26.9,87,Drizzle,Gerimis,17.5,0.5,100
2026-02-27T18:00,Node_Warkop_Kusuma,23.9,26.4,89,Drizzle,Gerimis ringan,16.4,0.3,100
2026-02-27T19:00,Node_Warkop_Kusuma,23.6,27.4,96,Drizzle,Gerimis ringan,11.2,0.1,100
2026-02-27T20:00,Node_Warkop_Kusuma,23.3,27.0,98,Drizzle,Gerimis ringan,12.3,0.2,100
2026-02-27T21:00,Node_Warkop_Kusuma,23.2,26.4,97,Clouds,Mendung,14.4,0.0,100
2026-02-27T22:00,Node_Warkop_Kusuma,23.3,26.5,96,Clouds,Mendung,14.2,0.0,100
2026-02-27T23:00,Node_Warkop_Kusuma,23.2,26.6,96,Clouds,Mendung,12.9,0.0,100
2026-02-28T00:00,Node_Warkop_Kusuma,23.0,26.2,97,Drizzle,Gerimis lebat,13.7,1.0,99
2026-02-28T01:00,Node_Warkop_Kusuma,23.0,26.6,98,Drizzle,Gerimis lebat,11.8,1.1,100
2026-02-28T02:00,Node_Warkop_Kusuma,23.0,26.3,96,Drizzle,Gerimis,13.1,0.5,100
2026-02-28T03:00,Node_Warkop_Kusuma,22.9,26.0,94,Drizzle,Gerimis ringan,12.1,0.4,97
2026-02-28T04:00,Node_Warkop_Kusuma,22.6,26.2,96,Clouds,Mendung,8.9,0.0,93
2026-02-28T05:00,Node_Warkop_Kusuma,22.2,26.2,98,Clouds,Mendung,5.9,0.0,100
2026-02-28T06:00,Node_Warkop_Kusuma,22.3,26.5,98,Clouds,Mendung,5.1,0.0,100
2026-02-28T07:00,Node_Warkop_Kusuma,23.0,27.0,94,Clouds,Mendung,7.0,0.0,100
2026-02-28T08:00,Node_Warkop_Kusuma,24.5,29.5,91,Clouds,Mendung,3.3,0.0,100
2026-02-28T09:00,Node_Warkop_Kusuma,25.6,30.9,87,Clouds,Mendung,2.6,0.0,100
2026-02-28T10:00,Node_Warkop_Kusuma,26.5,31.5,80,Clouds,Mendung,3.3,0.0,100
2026-02-28T11:00,Node_Warkop_Kusuma,27.8,33.1,76,Clouds,Mendung,2.5,0.0,100
2026-02-28T12:00,Node_Warkop_Kusuma,28.0,33.1,75,Drizzle,Gerimis ringan,3.4,0.2,100
2026-02-28T13:00,Node_Warkop_Kusuma,29.5,34.6,69,Drizzle,Gerimis ringan,5.6,0.3,100
2026-02-28T14:00,Node_Warkop_Kusuma,28.5,34.2,73,Rain,Hujan lebat,7.0,9.3,100
2026-02-28T15:00,Node_Warkop_Kusuma,26.5,31.1,84,Drizzle,Gerimis,7.8,0.5,100
2026-02-28T16:00,Node_Warkop_Kusuma,24.8,28.9,91,Rain,Hujan,9.9,2.8,100
2026-02-28T17:00,Node_Warkop_Kusuma,24.2,28.9,93,Rain,Hujan ringan,5.5,2.3,100
2026-02-28T18:00,Node_Warkop_Kusuma,23.9,28.4,95,Rain,Hujan ringan,6.6,2.1,100
2026-02-28T19:00,Node_Warkop_Kusuma,24.1,29.5,99,Drizzle,Gerimis,4.3,0.5,100
2026-02-28T20:00,Node_Warkop_Kusuma,24.1,29.5,98,Drizzle,Gerimis,4.1,0.8,100
2026-02-28T21:00,Node_Warkop_Kusuma,24.1,29.8,98,Drizzle,Gerimis ringan,2.0,0.2,100
2026-02-28T22:00,Node_Warkop_Kusuma,24.0,29.6,99,Drizzle,Gerimis ringan,1.6,0.4,100
2026-02-28T23:00,Node_Warkop_Kusuma,23.8,29.5,99,Rain,Hujan ringan,1.6,1.6,100
2026-03-01T00:00,Node_Warkop_Kusuma,23.5,29.0,100,Rain,Hujan ringan,2.4,1.9,100
2026-03-01T01:00,Node_Warkop_Kusuma,23.3,28.6,100,Rain,Hujan ringan,2.4,1.8,100
2026-03-01T02:00,Node_Warkop_Kusuma,23.2,28.5,100,Rain,Hujan ringan,2.4,1.6,100
2026-03-01T03:00,Node_Warkop_Kusuma,22.9,27.4,100,Drizzle,Gerimis,6.1,0.5,100
2026-03-01T04:00,Node_Warkop_Kusuma,22.9,27.8,100,Drizzle,Gerimis,4.0,0.6,100
2026-03-01T05:00,Node_Warkop_Kusuma,22.7,27.6,100,Drizzle,Gerimis ringan,2.7,0.2,100
2026-03-01T06:00,Node_Warkop_Kusuma,22.5,27.7,100,Clouds,Mendung,0.6,0.0,100
2026-03-01T07:00,Node_Warkop_Kusuma,23.3,28.3,98,Clouds,Mendung,3.3,0.0,100
2026-03-01T08:00,Node_Warkop_Kusuma,25.0,30.4,91,Clouds,Mendung,1.8,0.0,100
2026-03-01T09:00,Node_Warkop_Kusuma,27.1,32.6,79,Clouds,Mendung,1.3,0.0,100
2026-03-01T10:00,Node_Warkop_Kusuma,28.5,34.1,69,Drizzle,Gerimis ringan,4.8,0.1,84
2026-03-01T11:00,Node_Warkop_Kusuma,29.5,35.5,65,Clouds,Mendung,7.6,0.0,100
2026-03-01T12:00,Node_Warkop_Kusuma,30.1,35.7,62,Clouds,Mendung,8.3,0.0,98
2026-03-01T13:00,Node_Warkop_Kusuma,30.5,35.5,60,Drizzle,Gerimis ringan,12.1,0.2,98
2026-03-01T14:00,Node_Warkop_Kusuma,29.2,32.8,66,Drizzle,Gerimis,14.8,0.5,99
2026-03-01T15:00,Node_Warkop_Kusuma,29.4,32.7,65,Clouds,Mendung,11.1,0.0,100
2026-03-01T16:00,Node_Warkop_Kusuma,29.0,32.4,65,Clouds,Mendung,9.9,0.0,100
2026-03-01T17:00,Node_Warkop_Kusuma,28.0,31.8,72,Clouds,Mendung,9.9,0.0,100
2026-03-01T18:00,Node_Warkop_Kusuma,26.6,30.9,79,Clouds,Mendung,7.3,0.0,100
2026-03-01T19:00,Node_Warkop_Kusuma,26.2,30.3,82,Clouds,Mendung,9.6,0.0,100
2026-03-01T20:00,Node_Warkop_Kusuma,25.9,30.0,83,Clouds,Mendung,8.6,0.0,100
2026-03-01T21:00,Node_Warkop_Kusuma,25.5,29.8,86,Clouds,Mendung,7.9,0.0,100
2026-03-01T22:00,Node_Warkop_Kusuma,25.0,29.3,89,Clouds,Mendung,8.0,0.0,100
2026-03-01T23:00,Node_Warkop_Kusuma,24.6,29.1,92,Clouds,Mendung,7.6,0.0,100
2026-03-02T00:00,Node_Warkop_Kusuma,24.1,28.9,95,Clouds,Mendung,6.3,0.0,100
2026-03-02T01:00,Node_Warkop_Kusuma,24.2,29.0,95,Clouds,Mendung,6.4,0.0,100
2026-03-02T02:00,Node_Warkop_Kusuma,24.0,29.9,98,Clouds,Mendung,0.4,0.0,100
2026-03-02T03:00,Node_Warkop_Kusuma,23.6,29.0,100,Clouds,Mendung,2.7,0.0,100
2026-03-02T04:00,Node_Warkop_Kusuma,23.5,28.3,100,Clouds,Mendung,6.3,0.0,99
2026-03-02T05:00,Node_Warkop_Kusuma,23.2,28.1,99,Clouds,Mendung,5.0,0.0,100
2026-03-02T06:00,Node_Warkop_Kusuma,23.1,28.2,100,Clouds,Mendung,3.4,0.0,100
2026-03-02T07:00,Node_Warkop_Kusuma,24.6,29.9,94,Clouds,Mendung,4.1,0.0,100
2026-03-02T08:00,Node_Warkop_Kusuma,26.3,31.7,83,Drizzle,Gerimis ringan,1.8,0.1,100
2026-03-02T09:00,Node_Warkop_Kusuma,27.8,33.2,78,Drizzle,Gerimis,3.2,0.5,99
2026-03-02T10:00,Node_Warkop_Kusuma,28.9,35.5,75,Drizzle,Gerimis ringan,4.0,0.4,99
2026-03-02T11:00,Node_Warkop_Kusuma,29.2,36.0,72,Drizzle,Gerimis ringan,2.7,0.3,100
2026-03-02T12:00,Node_Warkop_Kusuma,29.3,36.3,73,Drizzle,Gerimis ringan,1.5,0.3,100
2026-03-02T13:00,Node_Warkop_Kusuma,25.6,31.4,89,Rain,Hujan,8.3,5.8,100
2026-03-02T14:00,Node_Warkop_Kusuma,25.3,30.5,90,Rain,Hujan,4.6,6.9,100
2026-03-02T15:00,Node_Warkop_Kusuma,25.0,29.8,93,Rain,Hujan,6.9,3.1,100
2026-03-02T16:00,Node_Warkop_Kusuma,25.1,30.5,91,Drizzle,Gerimis ringan,3.1,0.3,100
2026-03-02T17:00,Node_Warkop_Kusuma,25.2,30.4,92,Drizzle,Gerimis ringan,5.8,0.1,100
2026-03-02T18:00,Node_Warkop_Kusuma,24.6,30.4,96,Clouds,Mendung,1.6,0.0,100
2026-03-02T19:00,Node_Warkop_Kusuma,24.1,29.2,98,Clouds,Mendung,6.7,0.0,100
2026-03-02T20:00,Node_Warkop_Kusuma,23.6,28.7,99,Drizzle,Gerimis,5.6,0.5,100
2026-03-02T21:00,Node_Warkop_Kusuma,23.5,28.6,99,Drizzle,Gerimis ringan,5.0,0.1,100
2026-03-02T22:00,Node_Warkop_Kusuma,23.6,28.8,99,Drizzle,Gerimis ringan,4.1,0.2,100
2026-03-02T23:00,Node_Warkop_Kusuma,23.5,28.7,99,Drizzle,Gerimis ringan,3.4,0.3,100
2026-03-03T00:00,Node_Warkop_Kusuma,23.2,28.0,100,Drizzle,Gerimis ringan,6.5,0.1,100
2026-03-03T01:00,Node_Warkop_Kusuma,23.5,29.0,99,Clouds,Mendung,1.2,0.0,100
2026-03-03T02:00,Node_Warkop_Kusuma,23.5,28.5,100,Drizzle,Gerimis ringan,4.9,0.1,99
2026-03-03T03:00,Node_Warkop_Kusuma,22.9,27.6,98,Rain,Hujan,3.5,2.9,100
2026-03-03T04:00,Node_Warkop_Kusuma,22.9,28.1,100,Drizzle,Gerimis ringan,2.0,0.1,100
2026-03-03T05:00,Node_Warkop_Kusuma,22.7,27.8,100,Clouds,Mendung,1.7,0.0,100
2026-03-03T06:00,Node_Warkop_Kusuma,22.9,28.2,100,Clouds,Mendung,0.4,0.0,100
2026-03-03T07:00,Node_Warkop_Kusuma,23.9,28.3,95,Drizzle,Gerimis lebat,7.8,1.0,100
2026-03-03T08:00,Node_Warkop_Kusuma,24.1,29.6,96,Drizzle,Gerimis,2.2,0.5,100
2026-03-03T09:00,Node_Warkop_Kusuma,26.0,31.5,86,Drizzle,Gerimis ringan,2.0,0.4,100
2026-03-03T10:00,Node_Warkop_Kusuma,28.1,34.0,77,Drizzle,Gerimis ringan,3.4,0.4,100
2026-03-03T11:00,Node_Warkop_Kusuma,28.9,33.8,72,Drizzle,Gerimis ringan,4.6,0.1,100
2026-03-03T12:00,Node_Warkop_Kusuma,28.6,34.2,76,Drizzle,Gerimis ringan,6.1,0.3,100
2026-03-03T13:00,Node_Warkop_Kusuma,27.8,33.0,77,Rain,Hujan,6.6,2.5,100
2026-03-03T14:00,Node_Warkop_Kusuma,26.5,31.0,84,Rain,Hujan,9.7,2.6,100
2026-03-03T15:00,Node_Warkop_Kusuma,27.0,32.8,83,Clouds,Mendung,1.0,0.0,100
2026-03-03T16:00,Node_Warkop_Kusuma,26.2,31.1,82,Rain,Hujan,3.9,5.9,100
2026-03-03T17:00,Node_Warkop_Kusuma,24.5,28.7,95,Rain,Hujan,10.7,5.3,100
2026-03-03T18:00,Node_Warkop_Kusuma,23.3,26.9,96,Rain,Hujan ringan,11.4,1.8,100
2026-03-03T19:00,Node_Warkop_Kusuma,24.2,28.9,96,Drizzle,Gerimis,7.9,0.5,100
2026-03-03T20:00,Node_Warkop_Kusuma,24.1,29.2,98,Drizzle,Gerimis ringan,5.4,0.3,100
2026-03-03T21:00,Node_Warkop_Kusuma,23.7,28.8,97,Rain,Hujan ringan,3.4,2.3,98
2026-03-03T22:00,Node_Warkop_Kusuma,23.7,29.0,98,Drizzle,Gerimis ringan,2.9,0.2,84
2026-03-03T23:00,Node_Warkop_Kusuma,23.2,28.4,99,Rain,Hujan ringan,2.7,2.2,100
2026-03-04T00:00,Node_Warkop_Kusuma,23.1,28.0,99,Rain,Hujan ringan,4.0,2.1,96
2026-03-04T01:00,Node_Warkop_Kusuma,22.8,27.4,97,Drizzle,Gerimis ringan,3.7,0.2,100
2026-03-04T02:00,Node_Warkop_Kusuma,22.9,27.7,98,Drizzle,Gerimis ringan,3.4,0.1,100
2026-03-04T03:00,Node_Warkop_Kusuma,22.7,27.3,97,Drizzle,Gerimis ringan,3.1,0.1,98
2026-03-04T04:00,Node_Warkop_Kusuma,22.5,26.5,96,Clouds,Mendung,6.3,0.0,95
2026-03-04T05:00,Node_Warkop_Kusuma,22.7,26.4,96,Clouds,Mendung,8.6,0.0,100
2026-03-04T06:00,Node_Warkop_Kusuma,23.1,26.8,96,Clouds,Mendung,10.6,0.0,100
2026-03-04T07:00,Node_Warkop_Kusuma,24.2,28.3,94,Clouds,Mendung,9.8,0.0,96
2026-03-04T08:00,Node_Warkop_Kusuma,25.6,30.2,90,Clouds,Mendung,9.5,0.0,95
2026-03-04T09:00,Node_Warkop_Kusuma,27.1,32.1,83,Clouds,Mendung,8.0,0.0,94
2026-03-04T10:00,Node_Warkop_Kusuma,27.9,33.7,79,Drizzle,Gerimis ringan,6.5,0.1,100
2026-03-04T11:00,Node_Warkop_Kusuma,26.6,31.4,82,Rain,Hujan,5.3,4.4,86
2026-03-04T12:00,Node_Warkop_Kusuma,27.4,32.3,77,Drizzle,Gerimis ringan,3.5,0.1,40
2026-03-04T13:00,Node_Warkop_Kusuma,28.8,36.0,71,Drizzle,Gerimis ringan,4.8,0.3,72
2026-03-04T14:00,Node_Warkop_Kusuma,28.5,33.1,69,Rain,Hujan ringan,7.1,1.9,97
2026-03-04T15:00,Node_Warkop_Kusuma,28.9,33.0,66,Drizzle,Gerimis ringan,5.2,0.3,100
2026-03-04T16:00,Node_Warkop_Kusuma,24.6,27.9,92,Rain,Hujan,16.6,6.0,100
2026-03-04T17:00,Node_Warkop_Kusuma,25.2,30.1,89,Drizzle,Gerimis,4.9,0.6,99
2026-03-04T18:00,Node_Warkop_Kusuma,24.9,30.1,92,Clouds,Mendung,3.8,0.0,99
2026-03-04T19:00,Node_Warkop_Kusuma,24.0,29.2,99,Clouds,Mendung,5.1,0.0,100
2026-03-04T20:00,Node_Warkop_Kusuma,24.0,29.6,99,Drizzle,Gerimis ringan,2.7,0.4,100
2026-03-04T21:00,Node_Warkop_Kusuma,23.8,29.0,100,Drizzle,Gerimis ringan,5.2,0.1,100
2026-03-04T22:00,Node_Warkop_Kusuma,23.8,29.0,99,Clouds,Mendung,4.8,0.0,100
2026-03-04T23:00,Node_Warkop_Kusuma,23.6,28.8,100,Clouds,Mendung,5.0,0.0,100
2026-03-05T00:00,Node_Warkop_Kusuma,23.5,28.7,100,Clouds,Mendung,4.0,0.0,98
2026-03-05T01:00,Node_Warkop_Kusuma,23.2,27.5,98,Clouds,Mendung,8.1,0.0,100
2026-03-05T02:00,Node_Warkop_Kusuma,23.2,27.4,97,Drizzle,Gerimis ringan,8.1,0.1,83
2026-03-05T03:00,Node_Warkop_Kusuma,22.6,26.8,100,Clouds,Mendung,7.3,0.0,95
2026-03-05T04:00,Node_Warkop_Kusuma,22.4,25.9,100,Drizzle,Gerimis ringan,10.9,0.1,100
2026-03-05T05:00,Node_Warkop_Kusuma,22.5,25.7,98,Drizzle,Gerimis ringan,11.4,0.2,100
2026-03-05T06:00,Node_Warkop_Kusuma,22.5,24.3,96,Drizzle,Gerimis ringan,20.2,0.2,100
2026-03-05T07:00,Node_Warkop_Kusuma,23.4,25.5,92,Drizzle,Gerimis,19.5,0.6,86
2026-03-05T08:00,Node_Warkop_Kusuma,24.2,26.9,89,Drizzle,Gerimis,17.3,0.5,89
2026-03-05T09:00,Node_Warkop_Kusuma,25.8,29.4,87,Drizzle,Gerimis ringan,14.0,0.3,91
2026-03-05T10:00,Node_Warkop_Kusuma,27.5,31.4,78,Drizzle,Gerimis ringan,17.2,0.2,96
2026-03-05T11:00,Node_Warkop_Kusuma,28.9,32.4,71,Drizzle,Gerimis ringan,23.7,0.1,98
2026-03-05T12:00,Node_Warkop_Kusuma,28.1,29.6,71,Rain,Hujan ringan,27.8,2.3,97
2026-03-05T13:00,Node_Warkop_Kusuma,27.5,28.8,72,Rain,Hujan ringan,28.7,1.6,95
2026-03-05T14:00,Node_Warkop_Kusuma,27.6,30.1,76,Drizzle,Gerimis ringan,22.8,0.3,100
2026-03-05T15:00,Node_Warkop_Kusuma,27.4,29.3,76,Drizzle,Gerimis ringan,23.4,0.3,100
2026-03-05T16:00,Node_Warkop_Kusuma,26.4,28.5,81,Drizzle,Gerimis ringan,22.1,0.4,100
2026-03-05T17:00,Node_Warkop_Kusuma,25.1,27.3,84,Drizzle,Gerimis ringan,20.1,0.2,100
2026-03-05T18:00,Node_Warkop_Kusuma,24.6,26.6,87,Clouds,Mendung,20.5,0.0,100
2026-03-05T19:00,Node_Warkop_Kusuma,25.6,28.1,82,Drizzle,Gerimis ringan,17.3,0.1,81
2026-03-05T20:00,Node_Warkop_Kusuma,24.6,27.3,87,Drizzle,Gerimis ringan,16.6,0.1,69
2026-03-05T21:00,Node_Warkop_Kusuma,24.6,26.7,85,Clouds,Mendung,19.2,0.0,93
2026-03-05T22:00,Node_Warkop_Kusuma,24.4,26.8,86,Clouds,Mendung,17.1,0.0,98
2026-03-05T23:00,Node_Warkop_Kusuma,24.2,27.1,86,Clouds,Mendung,13.3,0.0,99
2026-03-06T00:00,Node_Warkop_Kusuma,23.8,26.9,88,Drizzle,Gerimis ringan,11.2,0.1,95
2026-03-06T01:00,Node_Warkop_Kusuma,23.4,25.7,88,Clouds,Mendung,15.3,0.0,99
2026-03-06T02:00,Node_Warkop_Kusuma,23.4,26.5,90,Clouds,Mendung,11.3,0.0,98
2026-03-06T03:00,Node_Warkop_Kusuma,23.0,27.0,93,Clouds,Mendung,5.3,0.0,97
2026-03-06T04:00,Node_Warkop_Kusuma,22.7,26.4,94,Clouds,Mendung,7.2,0.0,92
2026-03-06T05:00,Node_Warkop_Kusuma,22.2,26.3,96,Clouds,Berawan sebagian,4.1,0.0,53
2026-03-06T06:00,Node_Warkop_Kusuma,22.1,26.4,96,Clouds,Berawan sebagian,2.6,0.0,75
2026-03-06T07:00,Node_Warkop_Kusuma,23.8,28.1,94,Clouds,Mendung,6.8,0.0,99
2026-03-06T08:00,Node_Warkop_Kusuma,25.9,30.2,84,Clouds,Mendung,7.4,0.0,100
2026-03-06T09:00,Node_Warkop_Kusuma,27.8,32.9,76,Clouds,Mendung,4.0,0.0,100
2026-03-06T10:00,Node_Warkop_Kusuma,29.1,34.9,69,Clouds,Mendung,5.8,0.0,88
2026-03-06T11:00,Node_Warkop_Kusuma,30.5,36.4,62,Drizzle,Gerimis ringan,7.9,0.1,63
2026-03-06T12:00,Node_Warkop_Kusuma,30.8,36.2,61,Drizzle,Gerimis ringan,10.9,0.2,70
2026-03-06T13:00,Node_Warkop_Kusuma,31.5,36.2,54,Drizzle,Gerimis ringan,10.2,0.4,48
2026-03-06T14:00,Node_Warkop_Kusuma,30.2,33.9,59,Drizzle,Gerimis ringan,12.1,0.1,41
2026-03-06T15:00,Node_Warkop_Kusuma,27.6,32.2,70,Drizzle,Gerimis,2.5,0.7,63
2026-03-06T16:00,Node_Warkop_Kusuma,25.0,29.3,83,Drizzle,Gerimis ringan,4.3,0.3,52
2026-03-06T17:00,Node_Warkop_Kusuma,24.9,28.5,84,Drizzle,Gerimis ringan,8.8,0.2,66
2026-03-06T18:00,Node_Warkop_Kusuma,24.3,27.6,86,Clouds,Mendung,10.5,0.0,93
2026-03-06T19:00,Node_Warkop_Kusuma,24.1,28.6,94,Clouds,Mendung,7.0,0.0,100
2026-03-06T20:00,Node_Warkop_Kusuma,24.0,27.8,94,Clouds,Mendung,10.6,0.0,100
2026-03-06T21:00,Node_Warkop_Kusuma,24.0,27.3,91,Clouds,Mendung,12.1,0.0,100
2026-03-06T22:00,Node_Warkop_Kusuma,23.4,26.7,91,Clouds,Mendung,10.7,0.0,100
2026-03-06T23:00,Node_Warkop_Kusuma,23.0,26.8,94,Clouds,Berawan sebagian,7.5,0.0,63
2026-03-07T00:00,Node_Warkop_Kusuma,22.4,26.7,97,Clouds,Mendung,3.6,0.0,100
2026-03-07T01:00,Node_Warkop_Kusuma,22.9,27.4,97,Clouds,Mendung,3.6,0.0,99
2026-03-07T02:00,Node_Warkop_Kusuma,22.9,27.3,97,Clouds,Mendung,5.1,0.0,97
2026-03-07T03:00,Node_Warkop_Kusuma,22.6,26.8,98,Clear,Cerah,5.9,0.0,12
2026-03-07T04:00,Node_Warkop_Kusuma,22.6,26.6,97,Clear,Cerah,6.8,0.0,2
2026-03-07T05:00,Node_Warkop_Kusuma,22.2,26.3,97,Clouds,Cerah berawan,4.6,0.0,24
2026-03-07T06:00,Node_Warkop_Kusuma,22.1,26.6,97,Clear,Cerah,1.9,0.0,4
2026-03-07T07:00,Node_Warkop_Kusuma,23.4,27.6,92,Clouds,Cerah berawan,5.1,0.0,39
2026-03-07T08:00,Node_Warkop_Kusuma,25.9,30.6,82,Clouds,Mendung,3.2,0.0,97
2026-03-07T09:00,Node_Warkop_Kusuma,27.8,32.5,72,Clouds,Berawan sebagian,5.1,0.0,79
2026-03-07T10:00,Node_Warkop_Kusuma,28.6,34.4,70,Clouds,Cerah berawan,5.5,0.0,44
2026-03-07T11:00,Node_Warkop_Kusuma,29.7,36.2,65,Drizzle,Gerimis ringan,4.0,0.1,66
2026-03-07T12:00,Node_Warkop_Kusuma,30.2,36.4,63,Drizzle,Gerimis ringan,7.8,0.1,84
2026-03-07T13:00,Node_Warkop_Kusuma,30.7,34.6,58,Rain,Hujan,7.6,2.7,45
2026-03-07T14:00,Node_Warkop_Kusuma,28.8,33.5,67,Drizzle,Gerimis ringan,7.4,0.4,73
2026-03-07T15:00,Node_Warkop_Kusuma,27.4,31.7,75,Drizzle,Gerimis,5.9,0.7,58
2026-03-07T16:00,Node_Warkop_Kusuma,27.0,31.2,77,Drizzle,Gerimis ringan,7.2,0.2,77
2026-03-07T17:00,Node_Warkop_Kusuma,24.5,28.3,88,Rain,Hujan,9.0,4.8,100
2026-03-07T18:00,Node_Warkop_Kusuma,23.8,27.6,89,Drizzle,Gerimis,7.5,0.6,100
2026-03-07T19:00,Node_Warkop_Kusuma,23.3,28.1,94,Drizzle,Gerimis ringan,2.2,0.1,100
2026-03-07T20:00,Node_Warkop_Kusuma,23.2,28.4,96,Drizzle,Gerimis ringan,0.7,0.1,100
2026-03-07T21:00,Node_Warkop_Kusuma,23.2,28.4,97,Clouds,Mendung,0.7,0.0,100
2026-03-07T22:00,Node_Warkop_Kusuma,23.0,28.3,99,Clouds,Mendung,1.4,0.0,100
2026-03-07T23:00,Node_Warkop_Kusuma,22.8,28.0,100,Clouds,Mendung,1.0,0.0,100
2026-03-08T00:00,Node_Warkop_Kusuma,22.6,27.2,100,Clouds,Mendung,5.0,0.0,100
2026-03-08T01:00,Node_Warkop_Kusuma,23.0,27.1,98,Clouds,Mendung,8.5,0.0,100
2026-03-08T02:00,Node_Warkop_Kusuma,23.1,27.2,97,Drizzle,Gerimis ringan,8.3,0.2,100
2026-03-08T03:00,Node_Warkop_Kusuma,22.9,26.2,97,Clouds,Mendung,12.7,0.0,99
2026-03-08T04:00,Node_Warkop_Kusuma,22.8,25.9,97,Clouds,Berawan sebagian,14.0,0.0,73
2026-03-08T05:00,Node_Warkop_Kusuma,22.6,25.4,96,Clouds,Mendung,13.8,0.0,98
2026-03-08T06:00,Node_Warkop_Kusuma,22.6,25.8,95,Clouds,Cerah berawan,11.9,0.0,44
2026-03-08T07:00,Node_Warkop_Kusuma,23.6,28.4,92,Clouds,Berawan sebagian,2.3,0.0,70
2026-03-08T08:00,Node_Warkop_Kusuma,25.6,31.0,87,Clouds,Berawan sebagian,2.7,0.0,52
2026-03-08T09:00,Node_Warkop_Kusuma,27.2,32.3,79,Clouds,Berawan sebagian,3.7,0.0,74
2026-03-08T10:00,Node_Warkop_Kusuma,29.0,35.2,73,Clouds,Mendung,6.4,0.0,95
2026-03-08T11:00,Node_Warkop_Kusuma,29.8,36.3,71,Drizzle,Gerimis ringan,10.9,0.2,79
2026-03-08T12:00,Node_Warkop_Kusuma,29.3,34.9,73,Drizzle,Gerimis,12.1,0.7,77
2026-03-08T13:00,Node_Warkop_Kusuma,27.8,31.3,76,Drizzle,Gerimis ringan,17.7,0.2,98
2026-03-08T14:00,Node_Warkop_Kusuma,28.4,32.3,69,Drizzle,Gerimis lebat,11.4,1.2,100
2026-03-08T15:00,Node_Warkop_Kusuma,27.5,33.1,78,Rain,Hujan ringan,0.8,2.1,100
2026-03-08T16:00,Node_Warkop_Kusuma,28.0,33.6,78,Drizzle,Gerimis ringan,1.5,0.2,100
2026-03-08T17:00,Node_Warkop_Kusuma,27.3,32.7,80,Drizzle,Gerimis ringan,3.1,0.4,100
2026-03-08T18:00,Node_Warkop_Kusuma,25.8,30.7,88,Drizzle,Gerimis,6.6,0.6,100
2026-03-08T19:00,Node_Warkop_Kusuma,24.9,28.6,90,Clouds,Mendung,12.2,0.0,100
2026-03-08T20:00,Node_Warkop_Kusuma,24.5,27.7,88,Clouds,Mendung,12.5,0.0,100
2026-03-08T21:00,Node_Warkop_Kusuma,24.2,27.9,87,Clouds,Mendung,8.0,0.0,97
2026-03-08T22:00,Node_Warkop_Kusuma,23.9,28.4,90,Clouds,Mendung,3.7,0.0,100
2026-03-08T23:00,Node_Warkop_Kusuma,23.6,28.3,90,Clouds,Mendung,1.3,0.0,100
2026-03-09T00:00,Node_Warkop_Kusuma,23.0,27.4,96,Clouds,Mendung,4.3,0.0,92
2026-03-09T01:00,Node_Warkop_Kusuma,23.5,27.5,94,Clouds,Mendung,7.4,0.0,100
2026-03-09T02:00,Node_Warkop_Kusuma,23.4,27.6,96,Drizzle,Gerimis ringan,7.4,0.1,98
2026-03-09T03:00,Node_Warkop_Kusuma,23.1,27.4,98,Clouds,Mendung,7.5,0.0,98
2026-03-09T04:00,Node_Warkop_Kusuma,22.9,27.1,98,Clouds,Mendung,7.1,0.0,100
2026-03-09T05:00,Node_Warkop_Kusuma,22.8,26.9,96,Clouds,Cerah berawan,5.8,0.0,30
2026-03-09T06:00,Node_Warkop_Kusuma,22.7,26.8,97,Clear,Cerah,6.3,0.0,18
2026-03-09T07:00,Node_Warkop_Kusuma,24.9,29.9,92,Clouds,Cerah berawan,5.1,0.0,30
2026-03-09T08:00,Node_Warkop_Kusuma,26.9,31.4,79,Drizzle,Gerimis ringan,6.3,0.1,33
2026-03-09T09:00,Node_Warkop_Kusuma,28.0,32.6,73,Drizzle,Gerimis ringan,5.6,0.1,77
2026-03-09T10:00,Node_Warkop_Kusuma,29.2,35.1,68,Drizzle,Gerimis ringan,5.6,0.2,98
2026-03-09T11:00,Node_Warkop_Kusuma,30.5,37.5,65,Drizzle,Gerimis ringan,5.8,0.1,99
2026-03-09T12:00,Node_Warkop_Kusuma,29.5,35.8,70,Drizzle,Gerimis lebat,10.3,1.2,99
2026-03-09T13:00,Node_Warkop_Kusuma,30.5,36.7,65,Rain,Hujan,5.6,4.0,96
2026-03-09T14:00,Node_Warkop_Kusuma,30.4,36.4,66,Clouds,Mendung,8.1,0.0,84
2026-03-09T15:00,Node_Warkop_Kusuma,27.9,31.4,73,Rain,Hujan ringan,11.8,2.0,99
2026-03-09T16:00,Node_Warkop_Kusuma,25.3,29.2,85,Drizzle,Gerimis ringan,9.5,0.3,100
2026-03-09T17:00,Node_Warkop_Kusuma,24.0,28.0,92,Drizzle,Gerimis,7.9,0.9,100
2026-03-09T18:00,Node_Warkop_Kusuma,23.8,28.4,94,Drizzle,Gerimis ringan,4.7,0.1,100
2026-03-09T19:00,Node_Warkop_Kusuma,24.8,30.5,95,Clouds,Mendung,2.1,0.0,100
2026-03-09T20:00,Node_Warkop_Kusuma,24.5,30.3,97,Clouds,Mendung,1.4,0.0,100
2026-03-09T21:00,Node_Warkop_Kusuma,24.2,30.0,98,Clouds,Mendung,1.9,0.0,100
2026-03-09T22:00,Node_Warkop_Kusuma,24.1,29.5,99,Drizzle,Gerimis lebat,5.2,1.2,100
2026-03-09T23:00,Node_Warkop_Kusuma,24.0,29.4,99,Drizzle,Gerimis ringan,3.5,0.2,100
2026-03-10T00:00,Node_Warkop_Kusuma,23.8,28.9,98,Drizzle,Gerimis ringan,4.8,0.2,100
2026-03-10T01:00,Node_Warkop_Kusuma,23.9,28.6,99,Drizzle,Gerimis ringan,8.5,0.2,100
2026-03-10T02:00,Node_Warkop_Kusuma,23.6,28.3,99,Clouds,Mendung,7.6,0.0,100
2026-03-10T03:00,Node_Warkop_Kusuma,23.6,28.2,99,Clouds,Mendung,7.6,0.0,100
2026-03-10T04:00,Node_Warkop_Kusuma,23.5,27.8,99,Clouds,Mendung,9.7,0.0,100
2026-03-10T05:00,Node_Warkop_Kusuma,23.2,27.2,99,Clouds,Mendung,11.3,0.0,100
2026-03-10T06:00,Node_Warkop_Kusuma,23.4,27.1,98,Clouds,Berawan sebagian,11.5,0.0,70
2026-03-10T07:00,Node_Warkop_Kusuma,24.7,29.1,92,Clouds,Mendung,9.3,0.0,93
2026-03-10T08:00,Node_Warkop_Kusuma,26.9,31.1,82,Clouds,Mendung,11.3,0.0,95
2026-03-10T09:00,Node_Warkop_Kusuma,28.2,31.8,74,Drizzle,Gerimis ringan,13.6,0.1,96
2026-03-10T10:00,Node_Warkop_Kusuma,29.4,33.1,66,Clouds,Mendung,16.8,0.0,80
2026-03-10T11:00,Node_Warkop_Kusuma,30.0,34.4,64,Drizzle,Gerimis ringan,18.1,0.2,99
2026-03-10T12:00,Node_Warkop_Kusuma,30.4,35.1,63,Clouds,Mendung,17.3,0.0,95
2026-03-10T13:00,Node_Warkop_Kusuma,30.8,34.8,59,Clouds,Mendung,17.7,0.0,98
2026-03-10T14:00,Node_Warkop_Kusuma,30.3,33.6,60,Clouds,Mendung,17.4,0.0,100
2026-03-10T15:00,Node_Warkop_Kusuma,29.8,31.9,61,Clouds,Mendung,18.7,0.0,100
2026-03-10T16:00,Node_Warkop_Kusuma,29.2,31.2,63,Clouds,Mendung,17.7,0.0,100
2026-03-10T17:00,Node_Warkop_Kusuma,28.0,31.2,71,Clouds,Mendung,12.4,0.0,100
2026-03-10T18:00,Node_Warkop_Kusuma,26.6,30.2,77,Clouds,Mendung,10.7,0.0,100
2026-03-10T19:00,Node_Warkop_Kusuma,25.8,30.0,84,Clouds,Mendung,7.7,0.0,100
2026-03-10T20:00,Node_Warkop_Kusuma,25.3,29.6,87,Clouds,Mendung,8.0,0.0,100
2026-03-10T21:00,Node_Warkop_Kusuma,24.9,28.9,89,Clouds,Mendung,9.7,0.0,100
2026-03-10T22:00,Node_Warkop_Kusuma,24.9,28.7,89,Clouds,Mendung,11.4,0.0,100
2026-03-10T23:00,Node_Warkop_Kusuma,24.5,28.4,91,Clouds,Mendung,11.6,0.0,99
2026-03-11T00:00,Node_Warkop_Kusuma,24.2,28.0,92,Clouds,Mendung,11.8,0.0,100
2026-03-11T01:00,Node_Warkop_Kusuma,23.9,28.1,95,Clouds,Mendung,9.4,0.0,100
2026-03-11T02:00,Node_Warkop_Kusuma,23.7,27.6,96,Clouds,Mendung,11.2,0.0,100
2026-03-11T03:00,Node_Warkop_Kusuma,23.5,27.2,96,Clouds,Mendung,11.7,0.0,99
2026-03-11T04:00,Node_Warkop_Kusuma,23.3,27.0,96,Clouds,Berawan sebagian,11.2,0.0,58
2026-03-11T05:00,Node_Warkop_Kusuma,23.0,26.7,97,Clouds,Cerah berawan,11.2,0.0,43
2026-03-11T06:00,Node_Warkop_Kusuma,23.0,26.6,97,Clouds,Berawan sebagian,10.6,0.0,72
2026-03-11T07:00,Node_Warkop_Kusuma,25.2,29.5,90,Clouds,Mendung,9.7,0.0,97
2026-03-11T08:00,Node_Warkop_Kusuma,27.1,31.0,79,Clear,Cerah,11.8,0.0,13
2026-03-11T09:00,Node_Warkop_Kusuma,28.5,31.5,69,Clear,Cerah,15.8,0.0,5
2026-03-11T10:00,Node_Warkop_Kusuma,29.5,32.8,63,Clear,Cerah,18.0,0.0,18
2026-03-11T11:00,Node_Warkop_Kusuma,29.6,33.6,63,Clouds,Cerah berawan,18.2,0.0,22
2026-03-11T12:00,Node_Warkop_Kusuma,30.0,34.6,64,Clear,Cerah,17.3,0.0,11
2026-03-11T13:00,Node_Warkop_Kusuma,30.5,33.8,56,Clouds,Cerah berawan,19.2,0.0,33
2026-03-11T14:00,Node_Warkop_Kusuma,30.4,33.4,57,Clouds,Cerah berawan,19.8,0.0,24
2026-03-11T15:00,Node_Warkop_Kusuma,29.8,32.1,60,Clouds,Cerah berawan,19.3,0.0,32
2026-03-11T16:00,Node_Warkop_Kusuma,28.9,30.7,64,Clouds,Cerah berawan,18.5,0.0,25
2026-03-11T17:00,Node_Warkop_Kusuma,27.8,30.3,70,Clouds,Cerah berawan,14.8,0.0,38
2026-03-11T18:00,Node_Warkop_Kusuma,26.5,29.3,75,Clouds,Cerah berawan,13.2,0.0,39
2026-03-11T19:00,Node_Warkop_Kusuma,25.9,29.2,80,Clouds,Berawan sebagian,11.7,0.0,54
2026-03-11T20:00,Node_Warkop_Kusuma,25.5,29.1,83,Clouds,Cerah berawan,10.4,0.0,48
2026-03-11T21:00,Node_Warkop_Kusuma,24.9,28.7,87,Clouds,Berawan sebagian,9.1,0.0,69
2026-03-11T22:00,Node_Warkop_Kusuma,24.5,28.5,88,Clouds,Cerah berawan,8.4,0.0,46
2026-03-11T23:00,Node_Warkop_Kusuma,24.1,28.0,90,Clouds,Cerah berawan,8.8,0.0,45
2026-03-12T00:00,Node_Warkop_Kusuma,23.9,27.3,91,Clouds,Mendung,11.4,0.0,95
2026-03-12T01:00,Node_Warkop_Kusuma,24.3,27.4,87,Clouds,Mendung,12.8,0.0,94
2026-03-12T02:00,Node_Warkop_Kusuma,24.2,27.2,87,Clouds,Mendung,12.4,0.0,91
2026-03-12T03:00,Node_Warkop_Kusuma,23.9,27.3,87,Clouds,Berawan sebagian,8.8,0.0,68
2026-03-12T04:00,Node_Warkop_Kusuma,23.4,27.0,89,Clouds,Mendung,6.9,0.0,94
2026-03-12T05:00,Node_Warkop_Kusuma,23.0,26.6,92,Clouds,Mendung,7.8,0.0,91
2026-03-12T06:00,Node_Warkop_Kusuma,23.0,26.4,93,Clouds,Mendung,9.4,0.0,98
2026-03-12T07:00,Node_Warkop_Kusuma,25.1,29.3,89,Clear,Cerah,9.7,0.0,10
2026-03-12T08:00,Node_Warkop_Kusuma,27.0,30.8,79,Clear,Cerah,12.4,0.0,16
2026-03-12T09:00,Node_Warkop_Kusuma,28.4,31.0,69,Clouds,Cerah berawan,16.3,0.0,20
2026-03-12T10:00,Node_Warkop_Kusuma,29.1,32.4,64,Clear,Cerah,18.6,0.0,16
2026-03-12T11:00,Node_Warkop_Kusuma,29.7,33.4,61,Clouds,Cerah berawan,17.7,0.0,22
2026-03-12T12:00,Node_Warkop_Kusuma,30.4,34.0,58,Clear,Cerah,18.5,0.0,15
2026-03-12T13:00,Node_Warkop_Kusuma,30.7,34.0,53,Clear,Cerah,18.2,0.0,16
2026-03-12T14:00,Node_Warkop_Kusuma,30.5,33.2,53,Clear,Cerah,19.3,0.0,15
2026-03-12T15:00,Node_Warkop_Kusuma,30.1,31.8,54,Clouds,Cerah berawan,19.0,0.0,29
2026-03-12T16:00,Node_Warkop_Kusuma,29.2,30.3,56,Clear,Cerah,17.9,0.0,6
2026-03-12T17:00,Node_Warkop_Kusuma,28.0,30.0,63,Clear,Cerah,13.7,0.0,2
2026-03-12T18:00,Node_Warkop_Kusuma,26.5,29.0,69,Clear,Cerah,11.2,0.0,3
2026-03-12T19:00,Node_Warkop_Kusuma,25.9,28.3,73,Clear,Cerah,11.3,0.0,15
2026-03-12T20:00,Node_Warkop_Kusuma,25.4,28.5,78,Clear,Cerah,8.9,0.0,17
2026-03-12T21:00,Node_Warkop_Kusuma,24.8,28.2,82,Clear,Cerah,8.7,0.0,5
2026-03-12T22:00,Node_Warkop_Kusuma,24.3,27.5,85,Clear,Cerah,10.5,0.0,5
2026-03-12T23:00,Node_Warkop_Kusuma,24.0,27.4,88,Clear,Cerah,9.6,0.0,3
2026-03-13T00:00,Node_Warkop_Kusuma,23.9,27.1,89,Clouds,Cerah berawan,11.1,0.0,26
2026-03-13T01:00,Node_Warkop_Kusuma,24.0,27.6,90,Clouds,Berawan sebagian,9.3,0.0,75
2026-03-13T02:00,Node_Warkop_Kusuma,24.1,27.4,89,Clear,Cerah,11.3,0.0,16
2026-03-13T03:00,Node_Warkop_Kusuma,23.9,27.1,87,Clear,Cerah,9.8,0.0,12
2026-03-13T04:00,Node_Warkop_Kusuma,23.5,27.2,86,Clear,Cerah,5.6,0.0,7
2026-03-13T05:00,Node_Warkop_Kusuma,23.0,26.8,89,Clear,Cerah,4.8,0.0,10
2026-03-13T06:00,Node_Warkop_Kusuma,23.0,26.9,90,Clouds,Cerah berawan,4.7,0.0,21
2026-03-13T07:00,Node_Warkop_Kusuma,25.4,29.4,87,Clear,Cerah,9.7,0.0,0
2026-03-13T08:00,Node_Warkop_Kusuma,27.5,30.6,73,Clear,Cerah,12.8,0.0,1
2026-03-13T09:00,Node_Warkop_Kusuma,28.6,30.9,64,Clear,Cerah,16.2,0.0,11
2026-03-13T10:00,Node_Warkop_Kusuma,29.3,32.6,61,Clear,Cerah,16.6,0.0,2
2026-03-13T11:00,Node_Warkop_Kusuma,29.8,34.2,61,Clouds,Berawan sebagian,15.7,0.0,66
2026-03-13T12:00,Node_Warkop_Kusuma,30.4,34.7,59,Clouds,Berawan sebagian,16.4,0.0,51
2026-03-13T13:00,Node_Warkop_Kusuma,30.9,34.3,55,Clouds,Berawan sebagian,18.7,0.0,55
2026-03-13T14:00,Node_Warkop_Kusuma,30.6,34.0,55,Clear,Cerah,17.4,0.0,14
2026-03-13T15:00,Node_Warkop_Kusuma,30.0,32.6,58,Clear,Cerah,17.3,0.0,1
2026-03-13T16:00,Node_Warkop_Kusuma,29.3,31.3,62,Clear,Cerah,16.5,0.0,5
2026-03-13T17:00,Node_Warkop_Kusuma,28.0,31.0,69,Clear,Cerah,13.0,0.0,12
2026-03-13T18:00,Node_Warkop_Kusuma,26.7,29.9,75,Clear,Cerah,10.9,0.0,9
2026-03-13T19:00,Node_Warkop_Kusuma,25.9,29.4,78,Clear,Cerah,8.6,0.0,9
2026-03-13T20:00,Node_Warkop_Kusuma,25.0,28.9,83,Clear,Cerah,6.9,0.0,4
2026-03-13T21:00,Node_Warkop_Kusuma,24.5,28.3,86,Clouds,Berawan sebagian,7.2,0.0,51
2026-03-13T22:00,Node_Warkop_Kusuma,24.0,27.9,88,Clear,Cerah,7.6,0.0,11
2026-03-13T23:00,Node_Warkop_Kusuma,23.6,27.4,91,Clear,Cerah,8.3,0.0,3
2026-03-14T00:00,Node_Warkop_Kusuma,23.2,27.0,94,Clouds,Cerah berawan,9.1,0.0,45
2026-03-14T01:00,Node_Warkop_Kusuma,23.2,27.1,95,Clouds,Cerah berawan,8.7,0.0,41
2026-03-14T02:00,Node_Warkop_Kusuma,23.1,27.0,95,Clear,Cerah,8.1,0.0,2
2026-03-14T03:00,Node_Warkop_Kusuma,22.9,27.0,95,Clear,Cerah,5.8,0.0,2
2026-03-14T04:00,Node_Warkop_Kusuma,22.5,27.0,97,Clear,Cerah,2.6,0.0,9
2026-03-14T05:00,Node_Warkop_Kusuma,22.1,26.7,99,Clear,Cerah,2.4,0.0,17
2026-03-14T06:00,Node_Warkop_Kusuma,22.2,26.8,99,Clouds,Berawan sebagian,2.9,0.0,76
2026-03-14T07:00,Node_Warkop_Kusuma,25.0,30.2,89,Clear,Cerah,2.5,0.0,4
2026-03-14T08:00,Node_Warkop_Kusuma,26.9,32.3,81,Clouds,Cerah berawan,2.3,0.0,32
2026-03-14T09:00,Node_Warkop_Kusuma,28.3,33.6,73,Drizzle,Gerimis ringan,3.8,0.1,57
2026-03-14T10:00,Node_Warkop_Kusuma,29.4,35.4,65,Clouds,Berawan sebagian,3.5,0.0,66
2026-03-14T11:00,Node_Warkop_Kusuma,30.4,37.0,63,Clouds,Berawan sebagian,4.2,0.0,59
2026-03-14T12:00,Node_Warkop_Kusuma,31.0,38.0,60,Clouds,Berawan sebagian,5.9,0.0,76
2026-03-14T13:00,Node_Warkop_Kusuma,31.5,36.9,54,Clouds,Berawan sebagian,8.3,0.0,72
2026-03-14T14:00,Node_Warkop_Kusuma,31.1,36.0,55,Clouds,Mendung,9.4,0.0,86
2026-03-14T15:00,Node_Warkop_Kusuma,29.6,33.3,63,Drizzle,Gerimis,12.5,0.6,93
2026-03-14T16:00,Node_Warkop_Kusuma,28.5,32.9,71,Drizzle,Gerimis lebat,6.4,1.1,95
2026-03-14T17:00,Node_Warkop_Kusuma,25.8,29.1,80,Drizzle,Gerimis,10.8,0.5,97
2026-03-14T18:00,Node_Warkop_Kusuma,24.7,28.7,85,Drizzle,Gerimis ringan,6.9,0.1,91
2026-03-14T19:00,Node_Warkop_Kusuma,24.5,29.8,96,Drizzle,Gerimis ringan,5.0,0.2,95
2026-03-14T20:00,Node_Warkop_Kusuma,24.1,29.4,97,Clouds,Mendung,4.4,0.0,84
2026-03-14T21:00,Node_Warkop_Kusuma,23.9,28.8,96,Clouds,Mendung,4.5,0.0,88
2026-03-14T22:00,Node_Warkop_Kusuma,23.6,28.7,96,Clouds,Mendung,3.0,0.0,98
2026-03-14T23:00,Node_Warkop_Kusuma,23.4,28.7,97,Clouds,Mendung,0.5,0.0,98
2026-03-15T00:00,Node_Warkop_Kusuma,23.1,28.2,98,Clouds,Mendung,2.5,0.0,98
2026-03-15T01:00,Node_Warkop_Kusuma,23.1,28.4,99,Clouds,Mendung,1.9,0.0,99
2026-03-15T02:00,Node_Warkop_Kusuma,23.1,28.1,100,Clouds,Mendung,4.3,0.0,100
2026-03-15T03:00,Node_Warkop_Kusuma,23.0,28.0,100,Clouds,Mendung,3.4,0.0,100
2026-03-15T04:00,Node_Warkop_Kusuma,22.8,27.5,100,Clouds,Mendung,3.6,0.0,98
2026-03-15T05:00,Node_Warkop_Kusuma,22.5,27.3,100,Clouds,Mendung,2.5,0.0,98
2026-03-15T06:00,Node_Warkop_Kusuma,22.7,27.3,99,Clouds,Mendung,4.6,0.0,98
2026-03-15T07:00,Node_Warkop_Kusuma,25.1,30.7,95,Clear,Cerah,4.6,0.0,16
2026-03-15T08:00,Node_Warkop_Kusuma,26.7,32.1,86,Clouds,Cerah berawan,5.7,0.0,23
2026-03-15T09:00,Node_Warkop_Kusuma,28.0,33.6,79,Clouds,Berawan sebagian,5.2,0.0,63
2026-03-15T10:00,Node_Warkop_Kusuma,29.2,35.8,74,Drizzle,Gerimis ringan,5.4,0.1,82
2026-03-15T11:00,Node_Warkop_Kusuma,29.9,36.6,69,Drizzle,Gerimis ringan,4.5,0.1,98
2026-03-15T12:00,Node_Warkop_Kusuma,28.8,32.8,71,Rain,Hujan ringan,11.0,1.3,100
2026-03-15T13:00,Node_Warkop_Kusuma,26.3,30.4,82,Rain,Hujan lebat,9.3,8.3,91
2026-03-15T14:00,Node_Warkop_Kusuma,25.3,29.0,85,Rain,Hujan,10.8,4.3,95
2026-03-15T15:00,Node_Warkop_Kusuma,25.6,30.4,85,Rain,Hujan ringan,4.2,1.6,100
2026-03-15T16:00,Node_Warkop_Kusuma,25.5,30.2,87,Drizzle,Gerimis,6.1,0.7,100
2026-03-15T17:00,Node_Warkop_Kusuma,24.3,28.1,90,Rain,Hujan,10.0,3.5,100
2026-03-15T18:00,Node_Warkop_Kusuma,23.6,28.0,96,Drizzle,Gerimis ringan,7.6,0.4,99
2026-03-15T19:00,Node_Warkop_Kusuma,23.0,27.2,98,Drizzle,Gerimis ringan,7.5,0.1,100
2026-03-15T20:00,Node_Warkop_Kusuma,23.1,27.4,100,Drizzle,Gerimis,8.6,0.5,100
2026-03-15T21:00,Node_Warkop_Kusuma,23.4,27.7,99,Drizzle,Gerimis ringan,8.5,0.4,100
2026-03-15T22:00,Node_Warkop_Kusuma,23.4,28.0,99,Drizzle,Gerimis ringan,7.0,0.4,100
2026-03-15T23:00,Node_Warkop_Kusuma,23.3,27.9,99,Drizzle,Gerimis ringan,6.8,0.2,100
2026-03-16T00:00,Node_Warkop_Kusuma,23.1,27.6,100,Drizzle,Gerimis ringan,7.6,0.1,100
2026-03-16T01:00,Node_Warkop_Kusuma,23.0,27.5,100,Clouds,Mendung,7.0,0.0,100
2026-03-16T02:00,Node_Warkop_Kusuma,23.0,27.3,99,Clouds,Mendung,7.8,0.0,95
2026-03-16T03:00,Node_Warkop_Kusuma,23.0,27.2,99,Clouds,Mendung,7.8,0.0,93
2026-03-16T04:00,Node_Warkop_Kusuma,22.9,27.3,99,Clouds,Berawan sebagian,7.0,0.0,77
2026-03-16T05:00,Node_Warkop_Kusuma,22.7,27.2,100,Clouds,Mendung,5.8,0.0,100
2026-03-16T06:00,Node_Warkop_Kusuma,22.6,26.9,100,Clouds,Mendung,6.8,0.0,100
2026-03-16T07:00,Node_Warkop_Kusuma,24.1,29.3,98,Clouds,Cerah berawan,5.1,0.0,49
2026-03-16T08:00,Node_Warkop_Kusuma,26.5,31.5,85,Drizzle,Gerimis ringan,5.7,0.1,27
2026-03-16T09:00,Node_Warkop_Kusuma,28.1,32.5,74,Drizzle,Gerimis ringan,8.2,0.3,20
2026-03-16T10:00,Node_Warkop_Kusuma,29.3,34.2,66,Drizzle,Gerimis ringan,8.4,0.1,20
2026-03-16T11:00,Node_Warkop_Kusuma,30.0,35.9,64,Drizzle,Gerimis ringan,8.5,0.1,46
2026-03-16T12:00,Node_Warkop_Kusuma,30.2,36.1,61,Drizzle,Gerimis ringan,6.7,0.1,53
2026-03-16T13:00,Node_Warkop_Kusuma,31.3,37.2,58,Drizzle,Gerimis ringan,6.0,0.1,42
2026-03-16T14:00,Node_Warkop_Kusuma,29.5,34.8,69,Rain,Hujan ringan,8.2,1.8,88
2026-03-16T15:00,Node_Warkop_Kusuma,25.5,29.7,87,Rain,Hujan lebat,8.8,18.6,99
2026-03-16T16:00,Node_Warkop_Kusuma,25.1,30.5,91,Rain,Hujan,3.7,3.4,100
2026-03-16T17:00,Node_Warkop_Kusuma,24.6,29.4,91,Drizzle,Gerimis,5.7,0.9,98
2026-03-16T18:00,Node_Warkop_Kusuma,24.0,29.3,94,Drizzle,Gerimis ringan,0.5,0.3,95
2026-03-16T19:00,Node_Warkop_Kusuma,24.4,29.4,96,Clouds,Mendung,5.6,0.0,100
2026-03-16T20:00,Node_Warkop_Kusuma,24.2,29.2,96,Drizzle,Gerimis ringan,6.3,0.1,100
2026-03-16T21:00,Node_Warkop_Kusuma,24.1,29.1,97,Drizzle,Gerimis,5.9,0.7,100
2026-03-16T22:00,Node_Warkop_Kusuma,24.0,29.0,98,Drizzle,Gerimis ringan,5.9,0.1,100
2026-03-16T23:00,Node_Warkop_Kusuma,23.9,28.8,97,Drizzle,Gerimis,6.0,0.9,100
2026-03-17T00:00,Node_Warkop_Kusuma,23.8,28.9,97,Drizzle,Gerimis ringan,4.4,0.4,100
2026-03-17T01:00,Node_Warkop_Kusuma,23.7,28.7,99,Drizzle,Gerimis ringan,5.6,0.4,100
2026-03-17T02:00,Node_Warkop_Kusuma,23.9,29.0,99,Drizzle,Gerimis,5.6,0.5,100
2026-03-17T03:00,Node_Warkop_Kusuma,23.8,28.8,99,Drizzle,Gerimis,5.2,0.5,100
2026-03-17T04:00,Node_Warkop_Kusuma,23.6,28.6,99,Drizzle,Gerimis ringan,5.3,0.3,100
2026-03-17T05:00,Node_Warkop_Kusuma,23.4,28.3,99,Drizzle,Gerimis ringan,5.4,0.1,97
2026-03-17T06:00,Node_Warkop_Kusuma,23.3,27.9,99,Drizzle,Gerimis ringan,6.3,0.1,59
2026-03-17T07:00,Node_Warkop_Kusuma,24.8,30.2,96,Clouds,Mendung,5.0,0.0,91
2026-03-17T08:00,Node_Warkop_Kusuma,26.7,31.6,83,Drizzle,Gerimis ringan,6.7,0.1,44
2026-03-17T09:00,Node_Warkop_Kusuma,28.0,32.6,75,Drizzle,Gerimis ringan,8.9,0.2,38
2026-03-17T10:00,Node_Warkop_Kusuma,29.0,34.5,74,Drizzle,Gerimis ringan,9.3,0.2,76
2026-03-17T11:00,Node_Warkop_Kusuma,30.0,36.6,70,Drizzle,Gerimis ringan,10.0,0.2,73
2026-03-17T12:00,Node_Warkop_Kusuma,30.2,36.4,68,Drizzle,Gerimis ringan,10.0,0.2,81
2026-03-17T13:00,Node_Warkop_Kusuma,30.5,35.9,65,Drizzle,Gerimis ringan,11.4,0.1,58
2026-03-17T14:00,Node_Warkop_Kusuma,30.4,35.5,65,Clouds,Mendung,9.3,0.0,90
2026-03-17T15:00,Node_Warkop_Kusuma,28.4,32.7,74,Rain,Hujan,9.2,2.7,93
2026-03-17T16:00,Node_Warkop_Kusuma,28.8,33.3,70,Drizzle,Gerimis ringan,5.4,0.2,95
2026-03-17T17:00,Node_Warkop_Kusuma,27.6,31.5,73,Clouds,Mendung,8.7,0.0,91
2026-03-17T18:00,Node_Warkop_Kusuma,26.2,29.8,77,Clouds,Berawan sebagian,8.7,0.0,61
2026-03-17T19:00,Node_Warkop_Kusuma,25.5,29.9,84,Clouds,Mendung,5.4,0.0,98
2026-03-17T20:00,Node_Warkop_Kusuma,25.2,29.8,86,Clouds,Mendung,5.1,0.0,100
2026-03-17T21:00,Node_Warkop_Kusuma,24.9,29.4,88,Clouds,Mendung,5.8,0.0,100
2026-03-17T22:00,Node_Warkop_Kusuma,24.6,29.3,90,Clouds,Mendung,4.7,0.0,93
2026-03-17T23:00,Node_Warkop_Kusuma,24.0,28.7,93,Clouds,Mendung,4.6,0.0,82
2026-03-18T00:00,Node_Warkop_Kusuma,23.6,28.4,95,Clouds,Mendung,4.0,0.0,82
2026-03-18T01:00,Node_Warkop_Kusuma,23.5,28.0,97,Clouds,Cerah berawan,6.5,0.0,22
2026-03-18T02:00,Node_Warkop_Kusuma,23.4,28.0,98,Clouds,Berawan sebagian,5.5,0.0,79
2026-03-18T03:00,Node_Warkop_Kusuma,23.0,27.8,99,Clouds,Mendung,4.9,0.0,95
2026-03-18T04:00,Node_Warkop_Kusuma,22.9,27.4,99,Clouds,Mendung,6.1,0.0,100
2026-03-18T05:00,Node_Warkop_Kusuma,22.7,27.1,98,Clouds,Mendung,5.2,0.0,100
2026-03-18T06:00,Node_Warkop_Kusuma,22.7,27.1,98,Clouds,Mendung,4.9,0.0,100
2026-03-18T07:00,Node_Warkop_Kusuma,24.8,30.1,93,Clouds,Mendung,3.8,0.0,99
2026-03-18T08:00,Node_Warkop_Kusuma,26.9,32.2,83,Clouds,Mendung,4.9,0.0,86
2026-03-18T09:00,Node_Warkop_Kusuma,28.4,33.2,74,Clouds,Berawan sebagian,6.8,0.0,68
2026-03-18T10:00,Node_Warkop_Kusuma,29.8,35.2,66,Clouds,Cerah berawan,7.7,0.0,47
2026-03-18T11:00,Node_Warkop_Kusuma,30.8,36.3,58,Clouds,Mendung,9.4,0.0,100
2026-03-18T12:00,Node_Warkop_Kusuma,31.4,36.4,53,Clouds,Mendung,10.9,0.0,99
2026-03-18T13:00,Node_Warkop_Kusuma,31.9,35.5,51,Clouds,Mendung,13.8,0.0,100
2026-03-18T14:00,Node_Warkop_Kusuma,31.4,34.9,53,Clouds,Mendung,13.9,0.0,100
2026-03-18T15:00,Node_Warkop_Kusuma,30.5,32.9,57,Clouds,Mendung,15.4,0.0,100
2026-03-18T16:00,Node_Warkop_Kusuma,29.4,31.6,62,Clouds,Mendung,16.0,0.0,100
2026-03-18T17:00,Node_Warkop_Kusuma,28.1,31.2,70,Clouds,Mendung,13.4,0.0,100
2026-03-18T18:00,Node_Warkop_Kusuma,26.7,30.1,76,Clouds,Mendung,10.5,0.0,100
2026-03-18T19:00,Node_Warkop_Kusuma,26.0,29.5,83,Clouds,Mendung,12.1,0.0,100
2026-03-18T20:00,Node_Warkop_Kusuma,25.4,29.5,87,Clouds,Mendung,9.1,0.0,97
2026-03-18T21:00,Node_Warkop_Kusuma,24.8,29.1,89,Clouds,Mendung,7.5,0.0,98
2026-03-18T22:00,Node_Warkop_Kusuma,24.4,28.7,91,Clouds,Mendung,7.7,0.0,92
2026-03-18T23:00,Node_Warkop_Kusuma,24.1,28.4,92,Clear,Cerah,7.4,0.0,13
2026-03-19T00:00,Node_Warkop_Kusuma,23.9,28.4,93,Clouds,Berawan sebagian,5.5,0.0,77
2026-03-19T01:00,Node_Warkop_Kusuma,24.0,28.4,93,Clouds,Mendung,7.5,0.0,99
2026-03-19T02:00,Node_Warkop_Kusuma,24.0,28.0,93,Clouds,Mendung,8.8,0.0,100
2026-03-19T03:00,Node_Warkop_Kusuma,23.6,27.7,94,Clouds,Mendung,8.3,0.0,100
2026-03-19T04:00,Node_Warkop_Kusuma,23.4,27.5,95,Clouds,Mendung,7.1,0.0,98
2026-03-19T05:00,Node_Warkop_Kusuma,23.0,27.2,96,Clouds,Mendung,6.5,0.0,100
2026-03-19T06:00,Node_Warkop_Kusuma,23.0,27.3,96,Clouds,Mendung,6.1,0.0,100
2026-03-19T07:00,Node_Warkop_Kusuma,25.1,29.4,89,Clouds,Mendung,9.2,0.0,100
2026-03-19T08:00,Node_Warkop_Kusuma,26.9,31.3,82,Clouds,Cerah berawan,9.1,0.0,48
2026-03-19T09:00,Node_Warkop_Kusuma,28.4,32.5,72,Clouds,Cerah berawan,9.4,0.0,42
2026-03-19T10:00,Node_Warkop_Kusuma,29.6,34.9,65,Clouds,Berawan sebagian,9.3,0.0,75
2026-03-19T11:00,Node_Warkop_Kusuma,30.5,36.0,61,Clouds,Mendung,9.6,0.0,98
2026-03-19T12:00,Node_Warkop_Kusuma,31.0,36.1,59,Clouds,Mendung,11.4,0.0,96
2026-03-19T13:00,Node_Warkop_Kusuma,31.4,36.2,56,Clouds,Berawan sebagian,12.6,0.0,66
2026-03-19T14:00,Node_Warkop_Kusuma,30.4,34.7,61,Clouds,Mendung,12.8,0.0,82
2026-03-19T15:00,Node_Warkop_Kusuma,30.0,33.6,62,Drizzle,Gerimis ringan,12.4,0.1,53
2026-03-19T16:00,Node_Warkop_Kusuma,29.0,32.3,67,Drizzle,Gerimis ringan,12.8,0.3,77
2026-03-19T17:00,Node_Warkop_Kusuma,28.0,32.2,75,Drizzle,Gerimis ringan,9.3,0.1,100
2026-03-19T18:00,Node_Warkop_Kusuma,26.6,30.8,80,Drizzle,Gerimis ringan,8.7,0.1,100
2026-03-19T19:00,Node_Warkop_Kusuma,26.6,31.0,79,Clouds,Mendung,7.3,0.0,100
2026-03-19T20:00,Node_Warkop_Kusuma,26.1,30.5,82,Clouds,Mendung,6.3,0.0,100
2026-03-19T21:00,Node_Warkop_Kusuma,25.2,29.8,86,Clouds,Mendung,4.8,0.0,94
2026-03-19T22:00,Node_Warkop_Kusuma,24.4,29.0,91,Clouds,Mendung,4.6,0.0,100
2026-03-19T23:00,Node_Warkop_Kusuma,23.8,28.1,94,Clouds,Mendung,6.2,0.0,100
2026-03-20T00:00,Node_Warkop_Kusuma,23.5,28.1,95,Clouds,Mendung,5.5,0.0,100
2026-03-20T01:00,Node_Warkop_Kusuma,24.1,28.4,92,Clouds,Mendung,7.2,0.0,100
2026-03-20T02:00,Node_Warkop_Kusuma,24.1,28.5,90,Clouds,Mendung,6.0,0.0,98
2026-03-20T03:00,Node_Warkop_Kusuma,23.8,27.6,91,Clouds,Mendung,7.7,0.0,96
2026-03-20T04:00,Node_Warkop_Kusuma,23.5,27.4,92,Clouds,Mendung,8.0,0.0,96
2026-03-20T05:00,Node_Warkop_Kusuma,23.7,27.5,92,Drizzle,Gerimis ringan,9.0,0.1,98
2026-03-20T06:00,Node_Warkop_Kusuma,23.5,27.4,94,Clouds,Mendung,8.2,0.0,99
2026-03-20T07:00,Node_Warkop_Kusuma,25.1,29.1,87,Clouds,Mendung,9.5,0.0,97
2026-03-20T08:00,Node_Warkop_Kusuma,26.6,31.2,82,Clouds,Berawan sebagian,7.3,0.0,71
2026-03-20T09:00,Node_Warkop_Kusuma,28.0,32.8,78,Drizzle,Gerimis ringan,7.6,0.1,53
2026-03-20T10:00,Node_Warkop_Kusuma,29.0,35.0,74,Drizzle,Gerimis ringan,8.3,0.1,80
2026-03-20T11:00,Node_Warkop_Kusuma,30.0,36.7,70,Drizzle,Gerimis ringan,9.2,0.1,99
2026-03-20T12:00,Node_Warkop_Kusuma,30.5,36.7,67,Drizzle,Gerimis ringan,10.4,0.1,100
2026-03-20T13:00,Node_Warkop_Kusuma,28.8,33.2,73,Rain,Hujan,11.4,2.7,100
2026-03-20T14:00,Node_Warkop_Kusuma,28.2,32.7,75,Rain,Hujan,8.6,4.1,100
2026-03-20T15:00,Node_Warkop_Kusuma,27.9,32.2,74,Drizzle,Gerimis ringan,7.9,0.2,100
2026-03-20T16:00,Node_Warkop_Kusuma,25.4,29.8,86,Rain,Hujan lebat,7.0,8.4,100
2026-03-20T17:00,Node_Warkop_Kusuma,25.1,30.1,88,Drizzle,Gerimis ringan,3.9,0.1,100
2026-03-20T18:00,Node_Warkop_Kusuma,24.5,30.0,93,Drizzle,Gerimis ringan,2.2,0.1,100
2026-03-20T19:00,Node_Warkop_Kusuma,25.5,31.8,93,Drizzle,Gerimis ringan,0.3,0.1,100
2026-03-20T20:00,Node_Warkop_Kusuma,25.1,30.9,96,Clouds,Mendung,4.4,0.0,100
2026-03-20T21:00,Node_Warkop_Kusuma,24.9,30.4,97,Clouds,Mendung,5.1,0.0,100
2026-03-20T22:00,Node_Warkop_Kusuma,24.7,30.1,96,Clouds,Mendung,5.3,0.0,100
2026-03-20T23:00,Node_Warkop_Kusuma,24.6,29.8,95,Clouds,Mendung,5.3,0.0,100
2026-03-21T00:00,Node_Warkop_Kusuma,24.4,29.4,95,Clouds,Mendung,5.5,0.0,100
2026-03-21T01:00,Node_Warkop_Kusuma,24.4,29.4,95,Clouds,Mendung,5.5,0.0,100
2026-03-21T02:00,Node_Warkop_Kusuma,24.5,29.6,94,Clouds,Mendung,4.4,0.0,100
2026-03-21T03:00,Node_Warkop_Kusuma,24.2,29.3,95,Clouds,Mendung,4.8,0.0,100
2026-03-21T04:00,Node_Warkop_Kusuma,23.9,28.9,96,Clouds,Mendung,4.1,0.0,100
2026-03-21T05:00,Node_Warkop_Kusuma,23.8,28.5,96,Clouds,Mendung,5.9,0.0,100
2026-03-21T06:00,Node_Warkop_Kusuma,23.7,28.1,95,Clouds,Mendung,7.4,0.0,100
2026-03-21T07:00,Node_Warkop_Kusuma,25.5,30.3,91,Clouds,Mendung,8.6,0.0,92
2026-03-21T08:00,Node_Warkop_Kusuma,27.0,31.2,80,Clear,Cerah,10.7,0.0,17
2026-03-21T09:00,Node_Warkop_Kusuma,28.5,32.5,71,Clouds,Cerah berawan,9.0,0.0,20
2026-03-21T10:00,Node_Warkop_Kusuma,29.5,34.9,64,Clouds,Cerah berawan,6.6,0.0,30
2026-03-21T11:00,Node_Warkop_Kusuma,30.5,36.6,59,Drizzle,Gerimis ringan,5.3,0.1,70
2026-03-21T12:00,Node_Warkop_Kusuma,30.9,37.7,61,Drizzle,Gerimis ringan,6.8,0.3,96
2026-03-21T13:00,Node_Warkop_Kusuma,30.7,36.3,60,Clouds,Mendung,10.2,0.0,81
2026-03-21T14:00,Node_Warkop_Kusuma,30.0,35.6,68,Rain,Hujan ringan,9.4,2.0,66
2026-03-21T15:00,Node_Warkop_Kusuma,29.5,33.8,68,Drizzle,Gerimis ringan,10.7,0.1,100
2026-03-21T16:00,Node_Warkop_Kusuma,28.2,33.6,75,Rain,Hujan,1.7,3.6,100
2026-03-21T17:00,Node_Warkop_Kusuma,25.2,29.8,90,Rain,Hujan,8.0,6.7,100
2026-03-21T18:00,Node_Warkop_Kusuma,24.1,28.9,94,Drizzle,Gerimis,5.6,0.8,99
2026-03-21T19:00,Node_Warkop_Kusuma,23.8,27.5,94,Clouds,Mendung,11.2,0.0,100
2026-03-21T20:00,Node_Warkop_Kusuma,24.1,29.5,94,Drizzle,Gerimis ringan,1.8,0.2,100
2026-03-21T21:00,Node_Warkop_Kusuma,24.0,29.5,96,Drizzle,Gerimis ringan,0.8,0.1,100
2026-03-21T22:00,Node_Warkop_Kusuma,23.5,28.1,98,Drizzle,Gerimis ringan,6.6,0.2,100
2026-03-21T23:00,Node_Warkop_Kusuma,23.0,28.0,99,Drizzle,Gerimis ringan,3.4,0.1,100
2026-03-22T00:00,Node_Warkop_Kusuma,23.0,27.8,98,Clouds,Mendung,3.3,0.0,100
2026-03-22T01:00,Node_Warkop_Kusuma,23.4,28.6,99,Drizzle,Gerimis ringan,2.9,0.1,100
2026-03-22T02:00,Node_Warkop_Kusuma,23.5,28.5,97,Clouds,Mendung,4.2,0.0,100
2026-03-22T03:00,Node_Warkop_Kusuma,23.6,28.6,98,Drizzle,Gerimis ringan,4.6,0.1,100
2026-03-22T04:00,Node_Warkop_Kusuma,23.5,28.6,99,Clouds,Mendung,4.1,0.0,100
2026-03-22T05:00,Node_Warkop_Kusuma,23.5,28.2,99,Clouds,Mendung,5.9,0.0,100
2026-03-22T06:00,Node_Warkop_Kusuma,23.5,28.0,98,Clouds,Mendung,6.6,0.0,100
2026-03-22T07:00,Node_Warkop_Kusuma,24.9,30.0,93,Clouds,Mendung,5.1,0.0,100
2026-03-22T08:00,Node_Warkop_Kusuma,26.4,31.7,86,Clouds,Mendung,4.7,0.0,99
2026-03-22T09:00,Node_Warkop_Kusuma,27.6,32.3,77,Clouds,Mendung,6.6,0.0,100
2026-03-22T10:00,Node_Warkop_Kusuma,28.4,32.7,71,Drizzle,Gerimis ringan,6.8,0.1,100
2026-03-22T11:00,Node_Warkop_Kusuma,28.9,32.7,67,Clouds,Mendung,7.9,0.0,100
2026-03-22T12:00,Node_Warkop_Kusuma,30.0,35.9,63,Clouds,Mendung,7.5,0.0,99
2026-03-22T13:00,Node_Warkop_Kusuma,31.0,35.5,56,Clouds,Berawan sebagian,11.6,0.0,71
2026-03-22T14:00,Node_Warkop_Kusuma,28.5,33.0,71,Drizzle,Gerimis ringan,13.9,0.4,98
2026-03-22T15:00,Node_Warkop_Kusuma,28.6,32.4,70,Drizzle,Gerimis ringan,10.1,0.1,97
2026-03-22T16:00,Node_Warkop_Kusuma,27.9,32.5,73,Rain,Hujan ringan,4.3,1.3,98
2026-03-22T17:00,Node_Warkop_Kusuma,27.0,31.5,74,Drizzle,Gerimis lebat,3.6,1.1,98
2026-03-22T18:00,Node_Warkop_Kusuma,25.7,31.1,87,Clouds,Mendung,2.3,0.0,100
2026-03-22T19:00,Node_Warkop_Kusuma,25.1,30.1,91,Clouds,Mendung,5.8,0.0,100
2026-03-22T20:00,Node_Warkop_Kusuma,24.7,29.8,94,Clouds,Mendung,5.4,0.0,100
2026-03-22T21:00,Node_Warkop_Kusuma,24.2,29.4,96,Clouds,Mendung,5.1,0.0,100
2026-03-22T22:00,Node_Warkop_Kusuma,24.0,28.9,97,Clouds,Mendung,6.2,0.0,100
2026-03-22T23:00,Node_Warkop_Kusuma,23.8,28.4,98,Clouds,Mendung,7.0,0.0,100
2026-03-23T00:00,Node_Warkop_Kusuma,23.5,28.0,98,Clouds,Mendung,7.3,0.0,100
2026-03-23T01:00,Node_Warkop_Kusuma,23.5,27.8,98,Clouds,Mendung,8.8,0.0,100
2026-03-23T02:00,Node_Warkop_Kusuma,23.4,27.7,98,Clouds,Mendung,8.5,0.0,98
2026-03-23T03:00,Node_Warkop_Kusuma,23.1,27.2,98,Clouds,Berawan sebagian,8.5,0.0,61
2026-03-23T04:00,Node_Warkop_Kusuma,22.8,26.7,98,Clouds,Berawan sebagian,8.1,0.0,73
2026-03-23T05:00,Node_Warkop_Kusuma,22.5,26.4,98,Clouds,Mendung,8.1,0.0,81
2026-03-23T06:00,Node_Warkop_Kusuma,22.5,26.4,97,Clouds,Mendung,7.3,0.0,91
2026-03-23T07:00,Node_Warkop_Kusuma,24.5,29.2,91,Clouds,Berawan sebagian,5.5,0.0,73
2026-03-23T08:00,Node_Warkop_Kusuma,26.7,31.6,82,Clouds,Berawan sebagian,5.3,0.0,52
2026-03-23T09:00,Node_Warkop_Kusuma,28.1,33.2,73,Clouds,Cerah berawan,5.1,0.0,30
2026-03-23T10:00,Node_Warkop_Kusuma,29.5,34.8,62,Clear,Cerah,6.2,0.0,18
2026-03-23T11:00,Node_Warkop_Kusuma,30.4,36.1,58,Clear,Cerah,5.7,0.0,4
2026-03-23T12:00,Node_Warkop_Kusuma,31.0,36.9,55,Clouds,Cerah berawan,6.1,0.0,39
2026-03-23T13:00,Node_Warkop_Kusuma,31.4,36.8,51,Drizzle,Gerimis ringan,5.7,0.1,99
2026-03-23T14:00,Node_Warkop_Kusuma,31.5,36.3,52,Drizzle,Gerimis ringan,5.9,0.1,41
2026-03-23T15:00,Node_Warkop_Kusuma,30.9,34.3,54,Drizzle,Gerimis ringan,6.9,0.2,94
2026-03-23T16:00,Node_Warkop_Kusuma,28.2,31.1,68,Drizzle,Gerimis ringan,12.9,0.2,96
2026-03-23T17:00,Node_Warkop_Kusuma,27.1,31.3,76,Drizzle,Gerimis ringan,6.8,0.1,74
2026-03-23T18:00,Node_Warkop_Kusuma,26.3,31.8,84,Drizzle,Gerimis ringan,1.7,0.1,95
2026-03-23T19:00,Node_Warkop_Kusuma,25.8,31.8,91,Clouds,Mendung,0.9,0.0,100
2026-03-23T20:00,Node_Warkop_Kusuma,25.8,31.6,92,Drizzle,Gerimis ringan,3.6,0.1,99
2026-03-23T21:00,Node_Warkop_Kusuma,25.4,30.9,93,Clouds,Mendung,4.7,0.0,99
2026-03-23T22:00,Node_Warkop_Kusuma,25.0,30.5,94,Drizzle,Gerimis ringan,4.0,0.1,100
2026-03-23T23:00,Node_Warkop_Kusuma,24.6,30.1,96,Clouds,Mendung,3.9,0.0,100
2026-03-24T00:00,Node_Warkop_Kusuma,24.4,29.9,97,Clouds,Mendung,2.7,0.0,100
2026-03-24T01:00,Node_Warkop_Kusuma,24.4,30.1,97,Clouds,Mendung,1.6,0.0,100
2026-03-24T02:00,Node_Warkop_Kusuma,24.0,29.8,99,Clouds,Mendung,1.7,0.0,100
2026-03-24T03:00,Node_Warkop_Kusuma,23.7,29.3,100,Clouds,Mendung,2.2,0.0,100
2026-03-24T04:00,Node_Warkop_Kusuma,23.4,29.0,100,Clouds,Mendung,0.7,0.0,100
2026-03-24T05:00,Node_Warkop_Kusuma,23.4,28.6,100,Clouds,Mendung,3.6,0.0,100
2026-03-24T06:00,Node_Warkop_Kusuma,23.2,28.4,100,Clouds,Mendung,3.6,0.0,100
2026-03-24T07:00,Node_Warkop_Kusuma,24.5,30.1,96,Clouds,Cerah berawan,2.8,0.0,27
2026-03-24T08:00,Node_Warkop_Kusuma,26.5,31.9,84,Clouds,Cerah berawan,2.6,0.0,35
2026-03-24T09:00,Node_Warkop_Kusuma,28.0,33.7,74,Drizzle,Gerimis ringan,1.3,0.1,77
2026-03-24T10:00,Node_Warkop_Kusuma,29.2,35.1,68,Drizzle,Gerimis ringan,4.9,0.1,30
2026-03-24T11:00,Node_Warkop_Kusuma,30.0,36.4,65,Drizzle,Gerimis ringan,5.5,0.1,20
2026-03-24T12:00,Node_Warkop_Kusuma,30.7,36.9,61,Drizzle,Gerimis ringan,6.5,0.1,47
2026-03-24T13:00,Node_Warkop_Kusuma,30.0,35.5,64,Clouds,Berawan sebagian,10.8,0.0,67
2026-03-24T14:00,Node_Warkop_Kusuma,29.8,35.1,67,Drizzle,Gerimis ringan,6.9,0.3,72
2026-03-24T15:00,Node_Warkop_Kusuma,26.7,31.3,79,Rain,Hujan,5.4,5.0,91
2026-03-24T16:00,Node_Warkop_Kusuma,26.6,30.9,77,Drizzle,Gerimis ringan,5.5,0.2,100
2026-03-24T17:00,Node_Warkop_Kusuma,25.8,30.4,83,Drizzle,Gerimis ringan,4.5,0.1,100
2026-03-24T18:00,Node_Warkop_Kusuma,25.0,30.0,88,Clouds,Mendung,2.9,0.0,100
2026-03-24T19:00,Node_Warkop_Kusuma,24.0,28.9,95,Clouds,Mendung,4.2,0.0,100
2026-03-24T20:00,Node_Warkop_Kusuma,24.0,29.6,98,Clouds,Mendung,1.9,0.0,100
2026-03-24T21:00,Node_Warkop_Kusuma,23.9,29.7,99,Clouds,Mendung,0.3,0.0,100
2026-03-24T22:00,Node_Warkop_Kusuma,23.7,29.3,100,Clouds,Mendung,2.1,0.0,100
2026-03-24T23:00,Node_Warkop_Kusuma,23.5,29.0,100,Clouds,Mendung,2.3,0.0,100
2026-03-25T00:00,Node_Warkop_Kusuma,23.1,28.6,100,Clouds,Mendung,1.3,0.0,99
2026-03-25T01:00,Node_Warkop_Kusuma,23.4,28.7,100,Clouds,Mendung,2.7,0.0,100
2026-03-25T02:00,Node_Warkop_Kusuma,23.3,28.5,100,Drizzle,Gerimis ringan,3.1,0.1,100
2026-03-25T03:00,Node_Warkop_Kusuma,23.0,28.3,100,Clouds,Mendung,1.3,0.0,97
2026-03-25T04:00,Node_Warkop_Kusuma,23.0,28.3,100,Clouds,Mendung,1.7,0.0,100
2026-03-25T05:00,Node_Warkop_Kusuma,22.9,28.3,100,Clouds,Mendung,0.4,0.0,100
2026-03-25T06:00,Node_Warkop_Kusuma,23.0,28.4,100,Clouds,Mendung,0.4,0.0,100
2026-03-25T07:00,Node_Warkop_Kusuma,24.9,30.6,94,Clouds,Mendung,2.2,0.0,99
2026-03-25T08:00,Node_Warkop_Kusuma,26.5,31.9,84,Clouds,Mendung,3.5,0.0,92
2026-03-25T09:00,Node_Warkop_Kusuma,27.7,33.9,80,Drizzle,Gerimis ringan,0.0,0.1,55
2026-03-25T10:00,Node_Warkop_Kusuma,29.0,36.0,74,Drizzle,Gerimis ringan,1.6,0.1,92
2026-03-25T11:00,Node_Warkop_Kusuma,30.2,37.3,68,Clouds,Mendung,5.2,0.0,99
2026-03-25T12:00,Node_Warkop_Kusuma,30.6,36.2,64,Clouds,Mendung,6.7,0.0,100
2026-03-25T13:00,Node_Warkop_Kusuma,30.4,35.1,66,Drizzle,Gerimis,5.9,0.7,100
2026-03-25T14:00,Node_Warkop_Kusuma,28.4,33.2,72,Drizzle,Gerimis lebat,6.2,1.1,99
2026-03-25T15:00,Node_Warkop_Kusuma,26.5,31.8,83,Rain,Hujan,1.8,3.2,100
2026-03-25T16:00,Node_Warkop_Kusuma,25.2,29.5,86,Rain,Hujan,7.0,2.7,98
2026-03-25T17:00,Node_Warkop_Kusuma,24.6,29.5,89,Drizzle,Gerimis,2.7,0.9,95
2026-03-25T18:00,Node_Warkop_Kusuma,23.7,28.3,93,Drizzle,Gerimis lebat,3.9,1.0,99
2026-03-25T19:00,Node_Warkop_Kusuma,24.5,29.6,95,Clouds,Mendung,5.1,0.0,100
2026-03-25T20:00,Node_Warkop_Kusuma,24.6,30.4,96,Clouds,Mendung,2.2,0.0,100
2026-03-25T21:00,Node_Warkop_Kusuma,24.4,30.2,98,Clouds,Mendung,1.8,0.0,100
2026-03-25T22:00,Node_Warkop_Kusuma,24.1,30.1,99,Clouds,Mendung,0.4,0.0,100
2026-03-25T23:00,Node_Warkop_Kusuma,24.0,28.9,92,Drizzle,Gerimis ringan,2.9,0.1,100
2026-03-26T00:00,Node_Warkop_Kusuma,23.6,28.7,96,Drizzle,Gerimis ringan,2.2,0.3,100
2026-03-26T01:00,Node_Warkop_Kusuma,23.5,28.0,97,Clouds,Mendung,6.0,0.0,100
2026-03-26T02:00,Node_Warkop_Kusuma,23.5,28.7,98,Clouds,Mendung,2.0,0.0,100
2026-03-26T03:00,Node_Warkop_Kusuma,23.2,28.5,99,Clouds,Mendung,2.1,0.0,100
2026-03-26T04:00,Node_Warkop_Kusuma,23.3,28.0,99,Clouds,Mendung,6.0,0.0,100
2026-03-26T05:00,Node_Warkop_Kusuma,23.4,27.7,99,Clouds,Mendung,9.2,0.0,100
2026-03-26T06:00,Node_Warkop_Kusuma,23.5,27.5,97,Clouds,Mendung,10.9,0.0,98
2026-03-26T07:00,Node_Warkop_Kusuma,24.7,28.8,94,Clouds,Mendung,12.0,0.0,100
2026-03-26T08:00,Node_Warkop_Kusuma,26.0,29.7,87,Drizzle,Gerimis ringan,15.7,0.1,100
2026-03-26T09:00,Node_Warkop_Kusuma,27.0,30.5,80,Clouds,Mendung,14.9,0.0,100
2026-03-26T10:00,Node_Warkop_Kusuma,28.2,32.7,78,Drizzle,Gerimis ringan,12.3,0.1,100
2026-03-26T11:00,Node_Warkop_Kusuma,29.2,35.3,75,Drizzle,Gerimis ringan,12.0,0.2,100
2026-03-26T12:00,Node_Warkop_Kusuma,29.6,35.7,74,Drizzle,Gerimis ringan,12.5,0.2,100
2026-03-26T13:00,Node_Warkop_Kusuma,27.5,32.4,84,Rain,Hujan lebat,12.0,14.0,100
2026-03-26T14:00,Node_Warkop_Kusuma,26.0,30.8,87,Rain,Hujan,7.3,6.4,100
2026-03-26T15:00,Node_Warkop_Kusuma,25.5,30.3,90,Rain,Hujan ringan,7.1,1.3,100
2026-03-26T16:00,Node_Warkop_Kusuma,25.8,30.5,91,Drizzle,Gerimis,10.2,0.6,100
2026-03-26T17:00,Node_Warkop_Kusuma,25.4,30.6,93,Drizzle,Gerimis ringan,6.8,0.3,100
2026-03-26T18:00,Node_Warkop_Kusuma,24.5,29.4,94,Drizzle,Gerimis lebat,6.4,1.0,100
2026-03-26T19:00,Node_Warkop_Kusuma,24.5,29.1,94,Drizzle,Gerimis lebat,7.3,1.2,100
2026-03-26T20:00,Node_Warkop_Kusuma,24.1,29.8,95,Drizzle,Gerimis ringan,0.6,0.1,100
2026-03-26T21:00,Node_Warkop_Kusuma,24.0,29.1,96,Drizzle,Gerimis,3.1,0.5,100
2026-03-26T22:00,Node_Warkop_Kusuma,23.5,28.0,97,Drizzle,Gerimis ringan,6.9,0.1,100
2026-03-26T23:00,Node_Warkop_Kusuma,23.3,27.8,98,Drizzle,Gerimis,6.8,0.7,100
2026-03-27T00:00,Node_Warkop_Kusuma,23.2,27.8,98,Rain,Hujan ringan,6.6,2.2,100
2026-03-27T01:00,Node_Warkop_Kusuma,23.4,28.0,97,Drizzle,Gerimis ringan,5.9,0.2,100
2026-03-27T02:00,Node_Warkop_Kusuma,23.2,27.2,98,Drizzle,Gerimis ringan,9.9,0.2,100
2026-03-27T03:00,Node_Warkop_Kusuma,23.3,27.5,97,Clouds,Mendung,7.9,0.0,100
2026-03-27T04:00,Node_Warkop_Kusuma,22.9,26.2,98,Rain,Hujan ringan,13.6,2.1,100
2026-03-27T05:00,Node_Warkop_Kusuma,22.8,26.9,98,Drizzle,Gerimis ringan,8.1,0.1,99
2026-03-27T06:00,Node_Warkop_Kusuma,22.9,27.2,98,Drizzle,Gerimis ringan,6.8,0.2,100
2026-03-27T07:00,Node_Warkop_Kusuma,24.2,28.7,94,Drizzle,Gerimis ringan,7.5,0.1,100
2026-03-27T08:00,Node_Warkop_Kusuma,26.1,29.6,83,Drizzle,Gerimis ringan,14.7,0.1,100
2026-03-27T09:00,Node_Warkop_Kusuma,27.0,31.0,82,Drizzle,Gerimis ringan,12.4,0.2,100
2026-03-27T10:00,Node_Warkop_Kusuma,27.8,31.9,79,Drizzle,Gerimis ringan,13.8,0.3,100
2026-03-27T11:00,Node_Warkop_Kusuma,28.0,32.6,80,Drizzle,Gerimis ringan,16.0,0.3,100
2026-03-27T12:00,Node_Warkop_Kusuma,28.3,32.9,77,Drizzle,Gerimis ringan,15.3,0.2,100
2026-03-27T13:00,Node_Warkop_Kusuma,29.4,34.0,71,Clouds,Mendung,12.8,0.0,100
2026-03-27T14:00,Node_Warkop_Kusuma,29.7,33.7,70,Drizzle,Gerimis ringan,13.9,0.1,100
2026-03-27T15:00,Node_Warkop_Kusuma,28.9,32.9,72,Drizzle,Gerimis ringan,11.5,0.1,100
2026-03-27T16:00,Node_Warkop_Kusuma,26.5,31.1,84,Drizzle,Gerimis ringan,8.3,0.3,100
2026-03-27T17:00,Node_Warkop_Kusuma,25.1,29.9,91,Drizzle,Gerimis ringan,7.5,0.4,100
2026-03-27T18:00,Node_Warkop_Kusuma,24.6,29.6,94,Drizzle,Gerimis ringan,6.2,0.2,100
2026-03-27T19:00,Node_Warkop_Kusuma,25.7,31.5,93,Drizzle,Gerimis ringan,3.5,0.1,100
2026-03-27T20:00,Node_Warkop_Kusuma,25.5,31.8,95,Drizzle,Gerimis ringan,1.9,0.1,100
2026-03-27T21:00,Node_Warkop_Kusuma,25.1,31.5,99,Drizzle,Gerimis ringan,1.8,0.1,100
2026-03-27T22:00,Node_Warkop_Kusuma,24.7,31.0,100,Drizzle,Gerimis ringan,1.7,0.1,100
2026-03-27T23:00,Node_Warkop_Kusuma,24.6,30.9,100,Clouds,Mendung,1.0,0.0,100
2026-03-28T00:00,Node_Warkop_Kusuma,24.3,30.0,99,Drizzle,Gerimis,3.5,0.6,100
2026-03-28T01:00,Node_Warkop_Kusuma,23.0,27.9,99,Rain,Hujan,3.7,6.4,100
2026-03-28T02:00,Node_Warkop_Kusuma,23.0,27.8,99,Drizzle,Gerimis ringan,3.4,0.3,100
2026-03-28T03:00,Node_Warkop_Kusuma,23.0,27.9,97,Drizzle,Gerimis lebat,1.9,1.2,100
2026-03-28T04:00,Node_Warkop_Kusuma,22.9,27.5,98,Drizzle,Gerimis,4.0,0.6,100
2026-03-28T05:00,Node_Warkop_Kusuma,22.7,27.1,97,Drizzle,Gerimis,4.3,0.5,100
2026-03-28T06:00,Node_Warkop_Kusuma,22.5,27.1,98,Rain,Hujan ringan,2.8,2.3,100
2026-03-28T07:00,Node_Warkop_Kusuma,24.2,29.5,98,Rain,Hujan ringan,5.5,2.1,100
2026-03-28T08:00,Node_Warkop_Kusuma,26.1,32.2,89,Clouds,Mendung,1.0,0.0,100
2026-03-28T09:00,Node_Warkop_Kusuma,27.9,33.6,80,Drizzle,Gerimis ringan,3.0,0.1,100
2026-03-28T10:00,Node_Warkop_Kusuma,28.9,34.8,76,Drizzle,Gerimis ringan,7.2,0.2,100
2026-03-28T11:00,Node_Warkop_Kusuma,29.9,36.2,71,Drizzle,Gerimis ringan,9.0,0.2,100
2026-03-28T12:00,Node_Warkop_Kusuma,29.8,35.8,72,Drizzle,Gerimis ringan,7.6,0.2,100
2026-03-28T13:00,Node_Warkop_Kusuma,31.5,36.6,63,Drizzle,Gerimis ringan,5.3,0.4,100
2026-03-28T14:00,Node_Warkop_Kusuma,28.5,34.4,78,Rain,Hujan,12.2,4.7,100
2026-03-28T15:00,Node_Warkop_Kusuma,25.6,30.7,86,Rain,Hujan,3.8,7.2,100
2026-03-28T16:00,Node_Warkop_Kusuma,24.1,28.0,93,Rain,Hujan ringan,11.4,2.1,100
2026-03-28T17:00,Node_Warkop_Kusuma,23.8,28.5,97,Drizzle,Gerimis lebat,5.7,1.0,100
2026-03-28T18:00,Node_Warkop_Kusuma,23.5,28.2,97,Drizzle,Gerimis,5.4,0.8,100
2026-03-28T19:00,Node_Warkop_Kusuma,24.1,29.3,94,Drizzle,Gerimis ringan,2.5,0.2,100
2026-03-28T20:00,Node_Warkop_Kusuma,23.8,28.0,96,Rain,Hujan ringan,9.0,2.3,100
2026-03-28T21:00,Node_Warkop_Kusuma,23.4,28.2,96,Rain,Hujan ringan,4.3,2.1,100
2026-03-28T22:00,Node_Warkop_Kusuma,23.4,28.2,98,Drizzle,Gerimis,4.6,0.9,100
2026-03-28T23:00,Node_Warkop_Kusuma,23.2,27.9,96,Drizzle,Gerimis ringan,4.5,0.1,100
2026-03-29T00:00,Node_Warkop_Kusuma,22.9,27.7,98,Clouds,Mendung,3.4,0.0,100
2026-03-29T01:00,Node_Warkop_Kusuma,23.0,27.6,99,Clouds,Mendung,5.1,0.0,100
2026-03-29T02:00,Node_Warkop_Kusuma,22.4,27.1,99,Clouds,Mendung,2.6,0.0,100
2026-03-29T03:00,Node_Warkop_Kusuma,22.5,27.0,99,Clouds,Mendung,4.8,0.0,100
2026-03-29T04:00,Node_Warkop_Kusuma,22.5,26.6,98,Clouds,Mendung,6.3,0.0,100
2026-03-29T05:00,Node_Warkop_Kusuma,22.6,26.7,96,Clouds,Mendung,5.3,0.0,100
2026-03-29T06:00,Node_Warkop_Kusuma,22.7,26.7,96,Clouds,Mendung,6.6,0.0,100
2026-03-29T07:00,Node_Warkop_Kusuma,24.4,29.3,95,Clear,Cerah,6.1,0.0,9
2026-03-29T08:00,Node_Warkop_Kusuma,26.4,31.8,87,Clouds,Berawan sebagian,5.1,0.0,71
2026-03-29T09:00,Node_Warkop_Kusuma,28.0,33.7,80,Clouds,Cerah berawan,4.8,0.0,28
2026-03-29T10:00,Node_Warkop_Kusuma,29.9,37.3,73,Clouds,Mendung,3.1,0.0,93
2026-03-29T11:00,Node_Warkop_Kusuma,30.9,38.9,68,Clouds,Mendung,3.1,0.0,89
2026-03-29T12:00,Node_Warkop_Kusuma,31.0,37.8,68,Rain,Hujan ringan,8.4,1.6,96
2026-03-29T13:00,Node_Warkop_Kusuma,31.6,37.8,62,Rain,Hujan lebat,8.1,8.0,84
2026-03-29T14:00,Node_Warkop_Kusuma,29.9,34.4,68,Drizzle,Gerimis,10.7,0.5,98
2026-03-29T15:00,Node_Warkop_Kusuma,28.4,33.0,77,Clouds,Mendung,9.3,0.0,99
2026-03-29T16:00,Node_Warkop_Kusuma,28.4,33.7,78,Clouds,Mendung,5.3,0.0,97
2026-03-29T17:00,Node_Warkop_Kusuma,26.8,32.1,82,Rain,Hujan ringan,2.8,1.7,100
2026-03-29T18:00,Node_Warkop_Kusuma,25.0,29.7,91,Clouds,Mendung,6.5,0.0,100
2026-03-29T19:00,Node_Warkop_Kusuma,24.9,29.9,93,Clouds,Mendung,6.0,0.0,100
2026-03-29T20:00,Node_Warkop_Kusuma,24.6,30.4,96,Clouds,Mendung,2.4,0.0,100
2026-03-29T21:00,Node_Warkop_Kusuma,24.4,30.2,98,Clouds,Mendung,1.7,0.0,100
2026-03-29T22:00,Node_Warkop_Kusuma,24.2,30.3,98,Clouds,Mendung,0.3,0.0,99
2026-03-29T23:00,Node_Warkop_Kusuma,24.0,28.8,98,Clouds,Mendung,6.8,0.0,99
2026-03-30T00:00,Node_Warkop_Kusuma,23.5,28.0,96,Clouds,Mendung,6.6,0.0,99
2026-03-30T01:00,Node_Warkop_Kusuma,23.2,27.3,96,Clouds,Mendung,7.6,0.0,98
2026-03-30T02:00,Node_Warkop_Kusuma,23.0,26.8,96,Clouds,Mendung,8.3,0.0,99
2026-03-30T03:00,Node_Warkop_Kusuma,23.0,26.9,96,Clouds,Mendung,7.8,0.0,98
2026-03-30T04:00,Node_Warkop_Kusuma,23.1,27.1,96,Clouds,Mendung,7.6,0.0,99
2026-03-30T05:00,Node_Warkop_Kusuma,23.0,27.0,96,Clouds,Mendung,7.9,0.0,100
2026-03-30T06:00,Node_Warkop_Kusuma,23.1,27.6,96,Clouds,Mendung,4.9,0.0,98
2026-03-30T07:00,Node_Warkop_Kusuma,24.5,30.0,93,Clouds,Mendung,1.8,0.0,100
2026-03-30T08:00,Node_Warkop_Kusuma,26.4,31.6,87,Clouds,Mendung,6.5,0.0,100
2026-03-30T09:00,Node_Warkop_Kusuma,27.8,33.6,84,Clouds,Berawan sebagian,5.2,0.0,73
2026-03-30T10:00,Node_Warkop_Kusuma,29.3,35.6,75,Drizzle,Gerimis ringan,5.9,0.1,83
2026-03-30T11:00,Node_Warkop_Kusuma,30.1,36.3,70,Drizzle,Gerimis ringan,7.2,0.1,76
2026-03-30T12:00,Node_Warkop_Kusuma,30.4,36.3,69,Drizzle,Gerimis ringan,10.0,0.1,100
2026-03-30T13:00,Node_Warkop_Kusuma,26.1,30.5,86,Rain,Hujan,10.3,4.8,100
2026-03-30T14:00,Node_Warkop_Kusuma,26.9,32.1,82,Clouds,Mendung,4.9,0.0,99
2026-03-30T15:00,Node_Warkop_Kusuma,26.7,30.4,80,Rain,Hujan,11.9,3.0,100
2026-03-30T16:00,Node_Warkop_Kusuma,26.8,31.7,81,Drizzle,Gerimis ringan,5.0,0.4,100
2026-03-30T17:00,Node_Warkop_Kusuma,24.7,29.6,90,Drizzle,Gerimis lebat,3.5,1.0,100
2026-03-30T18:00,Node_Warkop_Kusuma,23.8,28.4,96,Drizzle,Gerimis ringan,6.4,0.1,100
2026-03-30T19:00,Node_Warkop_Kusuma,23.6,28.2,98,Rain,Hujan ringan,7.4,2.3,100
2026-03-30T20:00,Node_Warkop_Kusuma,23.3,27.5,97,Clouds,Mendung,7.8,0.0,100
2026-03-30T21:00,Node_Warkop_Kusuma,22.9,27.2,97,Clouds,Mendung,5.7,0.0,100
2026-03-30T22:00,Node_Warkop_Kusuma,22.8,27.1,98,Clouds,Mendung,5.2,0.0,100
2026-03-30T23:00,Node_Warkop_Kusuma,22.6,27.0,98,Clouds,Mendung,5.0,0.0,100
2026-03-31T00:00,Node_Warkop_Kusuma,22.5,27.0,98,Clouds,Mendung,4.4,0.0,100
2026-03-31T01:00,Node_Warkop_Kusuma,23.0,27.2,97,Clouds,Mendung,6.7,0.0,100
2026-03-31T02:00,Node_Warkop_Kusuma,22.9,27.3,97,Clouds,Mendung,4.4,0.0,100
2026-03-31T03:00,Node_Warkop_Kusuma,22.5,27.1,97,Clouds,Mendung,3.0,0.0,100
2026-03-31T04:00,Node_Warkop_Kusuma,22.3,26.8,98,Clouds,Mendung,3.1,0.0,100
2026-03-31T05:00,Node_Warkop_Kusuma,22.1,26.7,98,Clouds,Mendung,1.5,0.0,100
2026-03-31T06:00,Node_Warkop_Kusuma,22.1,26.9,99,Clouds,Mendung,1.6,0.0,100
2026-03-31T07:00,Node_Warkop_Kusuma,23.8,28.9,94,Clouds,Mendung,1.6,0.0,100
2026-03-31T08:00,Node_Warkop_Kusuma,25.9,31.5,88,Clouds,Mendung,2.2,0.0,100
2026-03-31T09:00,Node_Warkop_Kusuma,27.5,32.3,78,Clouds,Mendung,5.5,0.0,100
2026-03-31T10:00,Node_Warkop_Kusuma,28.9,34.1,72,Clouds,Mendung,8.4,0.0,100
2026-03-31T11:00,Node_Warkop_Kusuma,29.1,34.5,71,Drizzle,Gerimis,10.0,0.5,100
2026-03-31T12:00,Node_Warkop_Kusuma,30.0,36.2,68,Drizzle,Gerimis ringan,9.9,0.1,100
2026-03-31T13:00,Node_Warkop_Kusuma,31.0,37.0,64,Drizzle,Gerimis ringan,9.9,0.1,100
2026-03-31T14:00,Node_Warkop_Kusuma,28.5,32.6,72,Drizzle,Gerimis ringan,14.2,0.4,100
2026-03-31T15:00,Node_Warkop_Kusuma,28.2,32.2,73,Drizzle,Gerimis ringan,11.1,0.2,100
2026-03-31T16:00,Node_Warkop_Kusuma,26.6,31.3,80,Drizzle,Gerimis ringan,4.5,0.1,100
2026-03-31T17:00,Node_Warkop_Kusuma,26.1,30.8,82,Clouds,Mendung,4.5,0.0,100
2026-03-31T18:00,Node_Warkop_Kusuma,25.2,30.4,88,Clouds,Mendung,3.1,0.0,100
2026-03-31T19:00,Node_Warkop_Kusuma,24.6,30.1,93,Clouds,Mendung,2.2,0.0,100
2026-03-31T20:00,Node_Warkop_Kusuma,24.6,30.1,93,Clouds,Mendung,2.2,0.0,100
2026-03-31T21:00,Node_Warkop_Kusuma,24.4,29.6,94,Clouds,Mendung,4.1,0.0,97
2026-03-31T22:00,Node_Warkop_Kusuma,24.0,29.4,97,Clouds,Mendung,2.5,0.0,98
2026-03-31T23:00,Node_Warkop_Kusuma,23.8,29.2,98,Clouds,Mendung,2.4,0.0,96
